consumer_id,median_spend_to_income_ratio,median_credit_utilization_ratio,median_essential_spend_ratio,median_online_spend_ratio,log1p_mean_monthly_transaction_count,n_observed_months,latest_observed_month,months_health_under_40,stress_month_share,months_stressed_high_engagement,months_healthy_low_engagement,mean_financial_health_score,mean_engagement_score,latest_financial_health_score,latest_engagement_score,latest_age,latest_gender,latest_occupation,latest_province_city
KH00100010,0.56775,0.1421,0.38449464322361954,0.16013045772767204,5.499215308914927,12,2025-12-01,0,0.0,0,0,70.61666666666666,78.29166666666667,57.0,78.1,27,Nam,Kỹ sư sản xuất,Đồng Nai
KH00100045,0.5909,0.1297,0.46524235158311733,0.1739397939011674,4.814890716970161,12,2025-12-01,0,0.0,0,0,68.48333333333333,77.425,59.8,77.5,62,Nữ,Chuyên viên sinh lý vận động,Nghệ An
KH00100050,0.7290000000000001,0.28390000000000004,0.5175410310158736,0.17402349525043104,4.814890716970161,12,2025-12-01,0,0.0,0,0,60.958333333333336,78.7,55.7,77.1,81,Nữ,Nhà thiết kế dệt may,Cần Thơ
KH00100085,0.6789499999999999,0.1748,0.4382839791371239,0.19446511361823282,5.211305989558407,12,2025-12-01,0,0.0,0,0,67.51666666666667,80.44166666666666,55.8,83.0,32,Nữ,Nhà địa vật lý,Thành phố Hồ Chí Minh
KH00100090,0.51925,0.161,0.00116747606268695,0.8608831819260898,1.9459101490553132,2,2025-10-01,0,0.0,0,0,67.85,49.25,71.7,43.1,18,Nam,Kỹ sư hóa học,Tuyên Quang
KH00100125,0.71185,0.15505000000000002,0.4226955640030525,0.24228409524509104,5.722222518283326,12,2025-12-01,0,0.0,0,0,64.30833333333334,82.10000000000001,54.5,81.1,48,Nữ,Chuyên viên trắc địa,An Giang
KH00100130,0.5082,0.1987,0.5254969570915105,0.2233311898091088,5.722222518283326,12,2025-12-01,0,0.0,0,0,68.625,80.875,55.7,80.2,46,Nữ,Chuyên viên phân tích rủi ro,Thành phố Hồ Chí Minh
KH00100165,0.7908999999999999,0.1845,0.0555190492220902,0.3607761115858533,1.791759469228055,2,2025-12-01,1,0.5,0,0,56.85,32.75,74.9,9.7,63,Nữ,Nhân viên cứu trợ quốc tế,Đồng Nai
KH00100170,0.6087,0.1675,0.5194676886086567,0.1557149169832061,4.1364990019761345,12,2025-12-01,0,0.0,0,0,68.33333333333333,73.77499999999999,41.3,94.8,63,Nữ,Nhà khoa học thính học,Sơn La
KH00100205,0.8359,0.1846,0.001490457202586,0.7817206070225697,2.302585092994046,1,2025-12-01,0,0.0,0,0,55.7,49.6,55.7,49.6,22,Nữ,Nhà thủy văn học,Hà Tĩnh
KH00100210,0.50275,0.11445,0.5474517081375547,0.23717533781968275,5.498874419189451,12,2025-12-01,0,0.0,0,0,70.74166666666666,81.51666666666667,60.0,81.9,31,Nam,Kỹ sư trắc địa,Thanh Hóa
KH00100245,0.56505,0.11510000000000001,0.5373136849686087,0.1714222966630993,4.817589773939326,12,2025-12-01,0,0.0,0,0,70.01666666666667,78.25,60.4,78.4,52,Nữ,Kỹ sư y sinh,Đồng Tháp
KH00100250,0.56515,0.1742,0.4722161209023812,0.1550837968662819,4.812184355372417,12,2025-12-01,0,0.0,0,0,66.86666666666666,76.65833333333333,52.9,74.4,78,Nữ,Giáo viên trung học,Thành phố Hồ Chí Minh
KH00100285,0.61895,0.1434,0.4720284380594303,0.14368036823881192,4.813538451720147,12,2025-12-01,0,0.0,0,0,67.86666666666666,75.46666666666667,56.3,77.7,57,Nam,Chuyên viên giám sát xây dựng,Tây Ninh
KH00100290,0.6988,0.18065,0.5187462027882181,0.18225103127722725,4.133832333729219,12,2025-12-01,0,0.0,0,0,64.44166666666666,76.075,56.9,74.9,29,Nữ,Giáo viên tiếng anh,Hà Tĩnh
KH00100325,0.49979999999999997,0.13374999999999998,0.4742888743699341,0.22644263116921945,5.903088603156555,12,2025-12-01,0,0.0,0,0,72.34166666666667,81.31666666666666,61.6,78.4,46,Nữ,Quản lý trung tâm giải trí,Phú Thọ
KH00100330,0.66335,0.16125,0.42378563239353856,0.17317259831377868,5.502278098445473,12,2025-12-01,0,0.0,0,0,69.01666666666667,78.65833333333333,57.2,78.2,34,Nam,Nhà sản xuất truyền hình,Khánh Hòa
KH00100365,0.7773,0.2207,0.0734161371076449,0.8767764298093588,2.5649493574615367,1,2025-09-01,0,0.0,0,0,57.8,48.6,57.8,48.6,52,Nam,Thanh tra công trình di tích,Hà Nội
KH00100370,0.888,0.26349999999999996,0.5246924707846717,0.16066935253414305,4.814214812922799,12,2025-12-01,0,0.0,0,0,61.75833333333333,76.79166666666667,49.5,74.2,44,Nam,Cán bộ ứng phó khẩn cấp,Tây Ninh
KH00100405,0.50105,0.1328,0.3041763763701363,0.22698556297127487,4.132496328186477,12,2025-12-01,0,0.0,0,0,70.26666666666667,76.08333333333333,54.9,84.7,20,Nam,Kế toán công chứng,Thành phố Hồ Chí Minh
KH00100410,0.5859000000000001,0.16249999999999998,0.514179681266786,0.18003217893986895,5.214482756468736,12,2025-12-01,0,0.0,0,0,66.45,78.71666666666667,56.0,81.4,53,Nữ,Kế toán công tài chính công,Thành phố Hồ Chí Minh
KH00100445,0.7463500000000001,0.1654,0.4854256947281874,0.1823402586965594,5.213122520484805,12,2025-12-01,0,0.0,0,0,64.31666666666666,79.575,53.1,75.5,56,Nữ,Nghiên cứu viên lâm sàng,Ninh Bình
KH00100450,0.75,0.20575,0.42017956944451385,0.27758740879154054,5.212668697014343,12,2025-12-01,0,0.0,0,0,63.824999999999996,82.85833333333333,49.3,84.7,28,Nữ,Giáo viên trung học,An Giang
KH00100485,0.5605,0.17735,0.5319602206234384,0.18154216466247974,5.494774652599741,12,2025-12-01,0,0.0,0,0,68.325,79.68333333333334,49.2,87.1,78,Nữ,Lập trình viên ứng dụng,Vĩnh Long
KH00100490,0.77875,0.1911,0.4750720182719541,0.2638239984254719,4.135166556742356,12,2025-12-01,0,0.0,0,0,62.76666666666667,77.75833333333334,50.9,80.3,44,Nữ,Chuyên viên trị liệu bằng làm vườn,Đồng Nai
KH00100525,0.6105,0.19345,0.5277307905229605,0.14887154150196444,4.812861632743379,12,2025-12-01,0,0.0,0,0,67.575,75.75,56.7,78.7,51,Nam,Chuyên viên tư vấn quan hệ công chúng,Bắc Ninh
KH00100530,0.5186,0.13069999999999998,0.5304075404536144,0.16451562275825848,5.211305989558407,12,2025-12-01,0,0.0,0,0,70.41666666666667,78.03333333333333,54.6,78.7,67,Nam,Kỹ sư điều khiển và tự động hóa,Quảng Trị
KH00100565,0.54465,0.16265000000000002,0.5613821942387881,0.18517370243714243,4.810828422961282,12,2025-12-01,0,0.0,0,0,69.77499999999999,77.15833333333333,58.0,76.0,65,Nữ,Cán bộ quản lý thị trường,Hà Nội
KH00100570,0.85815,0.24669999999999997,0.535056404565212,0.19794457934400586,5.213122520484805,12,2025-12-01,1,0.08333333333333333,0,0,57.725,79.075,34.3,79.9,50,Nam,Nhà khảo cổ học,Thái Nguyên
KH00100605,0.5157,0.18075,0.3729805171946437,0.18924422370944277,4.131158535344817,12,2025-12-01,0,0.0,0,0,67.85833333333333,73.74166666666666,53.9,78.4,35,Nữ,Chuyên viên khảo sát công trình,Thành phố Hồ Chí Minh
KH00100610,0.6385000000000001,0.24810000000000001,0.44090936268875847,0.2657821181191161,5.902177856281217,12,2025-12-01,0,0.0,0,0,64.27499999999999,83.54166666666667,50.1,83.8,48,Nữ,Nhà thiết kế triển lãm,Thành phố Hồ Chí Minh
KH00100645,0.58385,0.1613,0.5394226832857966,0.18068505144351682,4.139158578011894,12,2025-12-01,0,0.0,0,0,68.625,72.98333333333333,59.8,77.6,59,Nữ,Nhà tâm lý học pháp y,An Giang
KH00100650,0.5594,0.1426,0.4573875696057133,0.5426124303942867,2.0794415416798357,1,2025-04-01,0,0.0,0,0,72.7,47.4,72.7,47.4,84,Nữ,Kỹ sư hàng không,Hưng Yên
KH00100685,0.4708,0.0976,0.1952906958754912,0.3885701909093721,2.5649493574615367,1,2025-06-01,0,0.0,0,0,74.4,46.1,74.4,46.1,61,Nam,Nhà khoa học nghiên cứu toán học,Thanh Hóa
KH00100690,0.4557,0.17099999999999999,0.4914716355472599,0.215653635452282,5.2158411447237985,12,2025-12-01,0,0.0,0,0,70.54166666666667,80.05833333333334,60.4,80.7,64,Nữ,Kỹ sư bảo trì,Huế
KH00100725,0.67215,0.1992,0.4082662424110538,0.25505289571140344,4.1244425933793805,12,2025-12-01,0,0.0,0,0,65.30833333333334,78.44166666666666,50.5,81.4,41,Nữ,Nhà môi giới bảo hiểm,Bắc Ninh
KH00100730,0.46075,0.11145,0.545433059324762,0.16325079755595406,5.902633333401366,12,2025-12-01,0,0.0,0,0,69.15833333333333,78.40833333333333,51.1,86.4,36,Nữ,Nhà khoa học nghiên cứu khoa học tự nhiên,Sơn La
KH00100765,0.7684500000000001,0.2983,0.47696770382414744,0.14812793377640743,4.813538451720147,12,2025-12-01,1,0.08333333333333333,1,0,59.26666666666667,76.19166666666666,48.9,77.3,61,Nữ,Chuyên viên giám sát xây dựng,Huế
KH00100770,0.7657,0.1837,0.5071498755448403,0.14580404985631534,4.133832333729219,12,2025-12-01,0,0.0,0,0,65.375,72.575,55.6,76.3,59,Nam,Nhà văn khoa học,Phú Thọ
KH00100805,0.6362,0.16049999999999998,0.5379233582326344,0.15233271875009366,4.812861632743379,12,2025-12-01,0,0.0,0,0,67.96666666666667,76.58333333333333,56.4,75.6,57,Nam,Giáo viên dạy nhạc,Thành phố Hồ Chí Minh
KH00100810,0.53555,0.20485,0.5413848384754875,0.18213279433349916,4.81150661898592,12,2025-12-01,0,0.0,0,0,68.38333333333334,75.98333333333333,51.6,79.6,63,Nam,Nhà tâm lý học pháp y,Nghệ An
KH00100845,0.56845,0.1614,0.5859770661738515,0.15770838260011766,5.2108513407667605,12,2025-12-01,0,0.0,0,0,70.26666666666667,77.66666666666667,62.0,80.2,58,Nam,Kỹ sư cơ khí,Tây Ninh
KH00100850,0.37639999999999996,0.1117,0.5521061775049478,0.1574096823320491,5.214935757608986,12,2025-12-01,0,0.0,0,0,75.24166666666666,76.99166666666666,66.3,76.3,89,Nam,Bác sĩ tâm thần,Thành phố Hồ Chí Minh
KH00100885,0.57365,0.13715,0.5193561213443216,0.2619662565898231,5.211760431738461,12,2025-12-01,0,0.0,0,0,68.2,83.60833333333333,53.7,80.2,49,Nam,Chuyên viên dựng phim,Hưng Yên
KH00100890,0.5722,0.114,0.5080341744899355,0.10892550701434835,4.135166556742356,12,2025-12-01,0,0.0,0,0,68.44166666666666,72.85833333333333,52.0,86.3,65,Nữ,Kỹ sư xây dựng dân dụng,Tây Ninh
KH00100925,0.72525,0.2109,0.4632093637812555,0.23179566155561185,5.900582050630809,12,2025-12-01,0,0.0,0,0,63.00833333333333,82.01666666666667,50.8,81.9,36,Nữ,Họa sĩ,Đồng Nai
KH00100930,0.7305999999999999,0.2099,0.45987975572516915,0.2424295921353487,5.215388553632117,12,2025-12-01,0,0.0,0,0,63.75833333333333,81.35833333333333,51.5,87.2,42,Nữ,Chuyên viên tư vấn môi trường,Thanh Hóa
KH00100965,0.5864,0.18825,0.47191838033845385,0.19776600743423678,5.212214667494625,12,2025-12-01,0,0.0,0,0,67.26666666666667,79.14166666666667,58.1,78.3,23,Nữ,Chuyên viên phân tích địa chấn,Hải Phòng
KH00100970,0.6346499999999999,0.1515,0.38277806729715114,0.18621222748853183,4.817589773939326,12,2025-12-01,0,0.0,0,0,67.71666666666667,77.44166666666668,57.2,78.9,38,Nam,Chuyên viên trị liệu bằng làm vườn,Thành phố Hồ Chí Minh
KH00101005,0.82955,0.18475000000000003,0.3942263403358852,0.18333880786597367,4.815566164479798,12,2025-12-01,0,0.0,0,0,64.34166666666667,77.31666666666666,49.7,89.3,42,Nam,Cán bộ quan hệ sắc tộc,Lào Cai
KH00101010,0.6227499999999999,0.1811,0.4642287733751622,0.203932856205695,5.720311776607412,12,2025-12-01,0,0.0,0,0,63.75,80.90833333333333,46.7,82.1,38,Nam,Chuyên viên hoạch định quảng cáo,Bắc Ninh
KH00101045,0.61785,0.15975,0.43662818476856646,0.22139500865056239,5.718944722395879,12,2025-12-01,0,0.0,0,0,65.7,81.97500000000001,53.8,83.4,36,Nữ,Chuyên viên trị liệu âm nhạc,Hà Nội
KH00101050,0.5004,0.14,0.4814512247621914,0.141130321422972,5.214029550025447,12,2025-12-01,0,0.0,0,0,71.45833333333333,78.125,64.0,74.8,57,Nữ,Nhà khoa học sinh lý,Đồng Nai
KH00101085,0.6573,0.15935,0.5275041984083526,0.13954803264799315,5.214029550025447,12,2025-12-01,0,0.0,0,0,67.09166666666667,77.76666666666667,50.8,78.5,52,Nữ,Giáo viên tiểu học,Thành phố Hồ Chí Minh
KH00101090,0.67405,0.21134999999999998,0.5509383285415952,0.22125633524740934,5.216293531069446,12,2025-12-01,0,0.0,0,0,64.75,79.13333333333334,52.8,82.2,50,Nữ,Chuyên viên dinh dưỡng vật nuôi,Thành phố Hồ Chí Minh
KH00101125,0.68825,0.1943,0.39254890728911596,0.18895810934041446,4.81150661898592,12,2025-12-01,0,0.0,0,0,68.47500000000001,78.14166666666667,57.2,77.7,34,Nam,Chuyên viên thẩm định bồi thường,Đồng Nai
KH00101130,0.38634999999999997,0.14100000000000001,0.47032235089617,0.19655338806035227,5.211760431738461,12,2025-12-01,0,0.0,0,0,72.77499999999999,79.50833333333334,64.0,77.5,61,Nam,Bác sĩ đa khoa,Quảng Trị
KH00101165,0.3805,0.09425,0.5330356083488758,0.20491873774350805,5.216745712854225,12,2025-12-01,0,0.0,0,0,75.68333333333334,80.38333333333334,65.0,78.8,51,Nam,Bác sĩ chuyên khoa bàn chân,Lâm Đồng
KH00101170,0.69705,0.174,0.537931784160455,0.17260880430372116,5.213122520484805,12,2025-12-01,0,0.0,0,0,66.10000000000001,80.01666666666667,53.6,81.5,66,Nữ,Nhà vật lý y khoa,Lào Cai
KH00101205,0.4793,0.10615,0.4564397624928803,0.18069017103047869,5.499215308914927,12,2025-12-01,0,0.0,0,0,71.49166666666666,81.325,63.2,77.5,27,Nam,Giảng viên đại học,Lai Châu
KH00101210,0.7142,0.25705,0.3924164421237396,0.1912282655939728,5.214482756468736,12,2025-12-01,0,0.0,0,0,64.35000000000001,79.53333333333333,53.5,78.5,44,Nam,Nhân viên giao dịch,Thành phố Hồ Chí Minh
KH00101245,0.6755,0.1496,0.531009043961264,0.19890162498436614,5.499215308914927,12,2025-12-01,0,0.0,0,0,67.675,79.5,51.4,82.7,69,Nữ,Chuyên viên trị liệu nghề nghiệp,Huế
KH00101250,0.33715,0.07949999999999999,0.5280451859206576,0.14938794360376095,4.810828422961282,12,2025-12-01,0,0.0,0,0,77.21666666666667,75.5,73.1,75.0,48,Nữ,Giám đốc tiếp thị,Khánh Hòa
KH00101285,0.29355,0.05715,0.5972075450598272,0.11962556588057195,4.1298189504157605,12,2025-12-01,0,0.0,0,0,80.825,71.8,78.4,74.6,69,Nam,Giám đốc vận hành,Thành phố Hồ Chí Minh
KH00101290,0.48705,0.1291,0.37568923338612176,0.1913302896352015,4.133832333729219,12,2025-12-01,0,0.0,0,0,72.80833333333334,74.95833333333333,64.1,78.8,47,Nam,Nhà giao dịch hợp đồng tương lai,Thành phố Hồ Chí Minh
KH00101325,0.6336999999999999,0.19175,0.4763122120492822,0.1872801034024111,5.212214667494625,12,2025-12-01,0,0.0,0,0,65.28333333333333,78.71666666666667,52.5,78.8,16,Nam,Kế toán viên tài chính công,Khánh Hòa
KH00101330,0.50665,0.09920000000000001,0.4118286440120801,0.1796085591773493,5.497168225293202,12,2025-12-01,0,0.0,0,0,74.45833333333333,78.95833333333333,62.7,80.3,26,Nam,Kỹ sư điện,Khánh Hòa
KH00101365,0.7112,0.2482,0.5210507992445997,0.21653553287322835,5.214935757608986,12,2025-12-01,0,0.0,0,0,63.40833333333333,80.11666666666666,50.3,77.4,51,Nam,Chuyên viên làm vườn thương mại,Hưng Yên
KH00101370,0.76595,0.23295,0.3755046251989551,0.22076580488336975,4.1298189504157605,12,2025-12-01,0,0.0,0,0,62.78333333333333,75.36666666666666,53.3,77.7,29,Nam,Cán bộ bình đẳng và đa dạng,Hà Nội
KH00101405,0.67625,0.13979999999999998,0.5748185020150651,0.17161974885970444,5.213122520484805,12,2025-12-01,0,0.0,0,0,68.18333333333334,79.52499999999999,56.2,79.8,76,Nam,Chuyên viên tư vấn hưu trí,Nghệ An
KH00101410,0.6226,0.13040000000000002,0.5393087341254863,0.1853376909032963,5.214935757608986,12,2025-12-01,0,0.0,0,0,67.44166666666666,78.875,52.4,81.2,48,Nữ,Chuyên viên thu mua công nghiệp,Bắc Ninh
KH00101445,0.4299,0.14195000000000002,0.6565457438202982,0.12321468479802765,4.128477568591559,12,2025-12-01,0,0.0,0,0,74.41666666666667,70.35000000000001,47.6,72.5,33,Nữ,Chuyên viên ngân hàng đầu tư vận hành,Nghệ An
KH00101450,0.5440499999999999,0.12895,0.5283247062788905,0.16338965895056123,4.128477568591559,12,2025-12-01,0,0.0,0,0,70.85833333333333,71.23333333333333,59.5,72.8,57,Nữ,Kỹ sư đóng tàu,Cần Thơ
KH00101485,0.7053,0.25525000000000003,0.443561110271339,0.20795639500439173,4.144456603649449,12,2025-12-01,0,0.0,0,0,61.958333333333336,74.89999999999999,46.8,79.6,41,Nữ,Nhà di truyền học phân tử,Phú Thọ
KH00101490,0.53325,0.17409999999999998,0.3899086258191491,0.18129480814853965,5.215388553632117,12,2025-12-01,0,0.0,0,0,71.27499999999999,79.31666666666666,54.7,78.3,36,Nam,Chuyên viên vệ sinh lao động,Hà Nội
KH00101525,0.70455,0.1613,0.5363007877088933,0.14697247334701158,4.143134726391533,12,2025-12-01,0,0.0,0,0,67.75833333333334,73.04166666666667,61.7,69.1,62,Nam,Chuyên viên trị liệu nghề nghiệp,Hải Phòng
KH00101530,0.71035,0.20829999999999999,0.5658796162106619,0.1712383256517032,4.139158578011894,12,2025-12-01,0,0.0,0,0,65.35000000000001,73.80833333333334,59.8,78.9,63,Nữ,Chuyên viên trị liệu thảo dược,Hải Phòng
KH00101565,0.68745,0.1494,0.5940171865781079,0.17355988948806023,5.214935757608986,12,2025-12-01,0,0.0,0,0,66.675,77.55833333333334,60.4,75.4,60,Nữ,Nhà vật lý y khoa,Thành phố Hồ Chí Minh
KH00101570,0.82425,0.25605,0.5617617236812197,0.19375472915261716,4.135166556742356,12,2025-12-01,0,0.0,0,0,62.9,73.5,57.9,72.0,57,Nữ,Chuyên viên giám sát xây dựng,Khánh Hòa
KH00101605,0.63715,0.21739999999999998,0.4611696572069019,0.20994744464788334,5.499896739946406,12,2025-12-01,0,0.0,0,0,62.43333333333334,79.85000000000001,46.7,85.6,40,Nữ,Nhà tâm lý học giáo dục,Đồng Nai
KH00101610,0.6821,0.2553,0.0447985463186218,0.6771615939243573,2.3978952727983707,1,2025-12-01,0,0.0,0,0,60.3,55.3,60.3,55.3,61,Nam,Quản trị viên cơ sở dữ liệu,Thành phố Hồ Chí Minh
KH00101645,0.7556,0.26915,0.2665903945067564,0.27384313022954976,5.901950039900234,12,2025-12-01,0,0.0,0,0,60.85,83.55833333333334,50.2,83.6,24,Nam,Chuyên viên tư vấn hưu trí,Thanh Hóa
KH00101650,0.5013,0.1834,0.5838797684405993,0.126321408836226,4.816241156068032,12,2025-12-01,0,0.0,0,0,67.38333333333334,75.90833333333333,55.5,76.1,60,Nữ,Kỹ sư cơ khí,Tây Ninh
KH00101685,0.5148999999999999,0.19455,0.6001624375097991,0.17964562074512455,5.496826636903886,12,2025-12-01,0,0.0,0,0,70.19166666666666,78.25,52.5,74.7,58,Nam,Nhà khoa học phát triển sản phẩm,Lạng Sơn
KH00101690,0.68655,0.2622,0.42497162246091924,0.19198335324922483,5.4995560824741965,12,2025-12-01,0,0.0,0,0,65.45833333333333,79.425,51.5,81.5,29,Nam,Cán bộ phát triển nghệ thuật,Hà Nội
KH00101725,0.5724499999999999,0.119,0.4559128350971584,0.2272140383538564,5.212668697014343,12,2025-12-01,0,0.0,0,0,71.02499999999999,80.86666666666666,55.5,85.8,33,Nữ,Nhà tâm lý học giáo dục,Cao Bằng
KH00101730,0.54645,0.1399,0.5231403599775879,0.17518293413940245,5.721404076006021,12,2025-12-01,0,0.0,0,0,68.69166666666666,78.76666666666667,52.7,79.4,44,Nữ,Chuyên viên thẩm định bảo hiểm,Thành phố Hồ Chí Minh
KH00101765,0.8049,0.17504999999999998,0.48461277773130557,0.1772836316738978,4.813538451720147,12,2025-12-01,0,0.0,0,0,62.925000000000004,76.02499999999999,55.0,80.0,72,Nam,Chuyên viên gây quỹ từ thiện,Quảng Trị
KH00101770,0.64025,0.25039999999999996,0.46744325620928184,0.12684872329213132,4.135166556742356,12,2025-12-01,0,0.0,0,0,62.225,72.95,61.7,71.9,94,Nữ,Kỹ thuật viên kế toán,Thái Nguyên
KH00101805,0.49695,0.1399,0.39368632852872515,0.1829514668421107,5.720858075446456,12,2025-12-01,0,0.0,0,0,68.425,80.70833333333333,62.8,80.6,25,Nam,Chuyên viên quản lý đất đai,Đà Nẵng
KH00101810,0.8147,0.19119999999999998,0.540436829970923,0.17551890284933813,5.4954591153232455,12,2025-12-01,0,0.0,0,0,61.75,79.47500000000001,47.6,84.9,48,Nam,Người phụ trách bảo tàng,Thái Nguyên
KH00101845,0.7198,0.19319999999999998,0.3681582568563292,0.2119664607544935,4.1244425933793805,12,2025-12-01,0,0.0,0,0,62.86666666666667,74.89999999999999,50.2,75.9,35,Nữ,Kỹ thuật viên phòng thí nghiệm giảng dạy,Thành phố Hồ Chí Minh
KH00101850,0.72085,0.2409,0.5095869455165081,0.18042830658768755,5.2158411447237985,12,2025-12-01,0,0.0,0,0,62.791666666666664,78.97500000000001,54.6,76.6,62,Nữ,Chuyên viên châm cứu,Hà Tĩnh
KH00101885,0.5682,0.10869999999999999,0.4308758267886809,0.22425938915027685,4.132496328186477,12,2025-12-01,0,0.0,0,0,69.25833333333334,76.39166666666667,62.7,80.7,88,Nam,Kỹ sư vật liệu,Thanh Hóa
KH00101890,0.6637500000000001,0.13635,0.5315065453471548,0.16514275767973785,4.127134385045092,12,2025-12-01,0,0.0,0,0,65.02499999999999,71.59166666666667,59.6,69.9,53,Nữ,Chuyên viên quy hoạch giao thông,Hưng Yên
KH00101925,0.73325,0.2459,0.4478289097646409,0.2052459603913384,5.719765179162811,12,2025-12-01,0,0.0,0,0,60.041666666666664,80.10000000000001,51.3,77.4,23,Nữ,Cán bộ trại giam,Đắk Lắk
KH00101930,0.75515,0.17145,0.5291133304753302,0.15256021401093417,4.133832333729219,12,2025-12-01,0,0.0,0,0,63.775,72.86666666666666,49.7,75.8,51,Nam,Biên tập viên hiệu đính,Ninh Bình
KH00101965,0.849,0.30265,0.47475366382737044,0.16200865335433257,4.814214812922799,12,2025-12-01,2,0.16666666666666666,1,0,53.44166666666666,78.10833333333333,21.9,76.1,32,Nam,Cán bộ triển lãm bảo tàng,Cao Bằng
KH00101970,0.6252,0.2147,0.4832925732664859,0.1341666994727344,5.214482756468736,12,2025-12-01,0,0.0,0,0,65.06666666666666,77.91666666666667,55.2,84.6,70,Nữ,Chuyên viên tư vấn nông nghiệp,Sơn La
KH00102005,0.6735,0.1628,0.1918301891779965,0.3998554951493951,2.302585092994046,1,2025-08-01,0,0.0,0,0,63.5,37.7,63.5,37.7,81,Nam,Quản lý lâm nghiệp,Cà Mau
KH00102010,0.7103999999999999,0.2128,0.5062187188034888,0.18225635286482056,4.137829674161839,12,2025-12-01,1,0.08333333333333333,1,0,59.74166666666667,74.77499999999999,42.4,87.3,53,Nữ,Cán bộ tổ chức từ thiện,Đồng Tháp
KH00102045,0.68265,0.19135000000000002,0.4634962934328061,0.23253876625166225,5.214482756468736,12,2025-12-01,0,0.0,0,0,65.93333333333334,81.14166666666667,50.2,86.5,39,Nữ,Thầy thuốc đông y,Thành phố Hồ Chí Minh
KH00102050,0.48475,0.12895,0.5152505545621646,0.17580195630047324,5.217197690263049,12,2025-12-01,0,0.0,0,0,70.025,78.56666666666666,51.8,82.9,52,Nam,Kỹ sư cơ khí,Hải Phòng
KH00102085,0.6514,0.1436,0.0901965392637856,0.7697464672875232,2.3978952727983707,1,2025-09-01,0,0.0,0,0,65.4,48.1,65.4,48.1,71,Nữ,Chuyên viên thu mua công nghiệp,An Giang
KH00102090,0.7476499999999999,0.15175,0.4755646377334586,0.15419858342658055,5.501598288765995,12,2025-12-01,0,0.0,0,0,63.26666666666667,79.95833333333333,57.3,77.3,21,Nữ,Trình dược viên,Đồng Nai
KH00102125,0.3804,0.1027,0.5320347490837197,0.18695500573340335,5.500918016630917,12,2025-12-01,0,0.0,0,0,73.325,78.98333333333333,60.9,79.4,60,Nữ,Kiến trúc sư cảnh quan,Thành phố Hồ Chí Minh
KH00102130,0.85865,0.1758,0.5388833606598137,0.1557770294815062,5.216293531069446,12,2025-12-01,0,0.0,0,0,63.74166666666667,78.34166666666667,57.8,79.2,59,Nam,Cán bộ quản chế,Hà Tĩnh
KH00102165,0.79575,0.29600000000000004,0.5483075181370731,0.162855804952645,4.1364990019761345,12,2025-12-01,0,0.0,0,0,62.40833333333333,72.59166666666667,55.9,77.5,80,Nam,Giáo viên mầm non,Hải Phòng
KH00102170,0.6802999999999999,0.20875,0.4951692602004525,0.17579856423207518,5.2158411447237985,12,2025-12-01,0,0.0,0,0,64.80833333333334,78.69166666666666,53.2,78.8,74,Nam,Chuyên viên tổ chức sự kiện,Tuyên Quang
KH00102205,0.6433,0.16010000000000002,0.5192102741404453,0.1889823077757816,4.814890716970161,12,2025-12-01,0,0.0,0,0,67.01666666666667,79.71666666666667,54.1,79.2,39,Nam,Điều dưỡng nhi khoa,Vĩnh Long
KH00102210,0.75425,0.15605,0.4724062017555957,0.20068544517937745,4.131158535344817,12,2025-12-01,0,0.0,0,0,63.51666666666667,73.5,51.2,84.7,96,Nam,Chuyên viên phục chế đồ gỗ,Quảng Trị
KH00102245,0.47135,0.1351,0.5578980105532139,0.18012012605720257,5.502278098445473,12,2025-12-01,0,0.0,0,0,71.875,79.575,60.8,77.0,64,Nam,Nhà khoa học thính học,Bắc Ninh
KH00102250,0.5624,0.188,0.5645009874595326,0.20362265204906693,4.815566164479798,12,2025-12-01,0,0.0,0,0,66.53333333333333,79.3,62.0,81.6,33,Nam,Chuyên viên khảo sát thủy văn,Hưng Yên
KH00102285,0.79525,0.1758,0.4234967775614411,0.20677935829393504,4.1364990019761345,12,2025-12-01,0,0.0,0,0,65.14999999999999,73.05833333333334,54.1,75.3,33,Nam,Chuyên viên giám định rủi ro bảo hiểm,Lâm Đồng
KH00102290,0.74975,0.21689999999999998,0.39763004963649007,0.1959007051183853,5.215388553632117,12,2025-12-01,0,0.0,0,0,63.88333333333333,79.53333333333333,56.2,79.0,27,Nam,Chuyên viên trắc địa,Quảng Ninh
KH00102325,0.6507000000000001,0.1637,0.4809671390799085,0.20535168688413608,4.814214812922799,12,2025-12-01,0,0.0,0,0,65.875,77.95,52.5,75.1,64,Nam,Nhà sản xuất phát thanh,Cần Thơ
KH00102330,0.6181,0.11875,0.4760700338001278,0.14010432522174085,5.212214667494625,12,2025-12-01,0,0.0,0,0,67.425,76.33333333333333,65.4,76.7,61,Nam,Kế toán công tài chính công,Thành phố Hồ Chí Minh
KH00102365,0.7057,0.28769999999999996,0.4243158747597277,0.24077880037548874,4.1404857182199555,12,2025-12-01,0,0.0,0,0,61.44166666666666,77.175,55.4,71.0,26,Nữ,Cán bộ trại giam,Thành phố Hồ Chí Minh
KH00102370,0.5541499999999999,0.11975,0.47881827931027143,0.19717186606203566,4.810828422961282,12,2025-12-01,0,0.0,0,0,71.04166666666667,77.55,60.0,81.9,74,Nam,Cán bộ quản lý thị trường,Nghệ An
KH00102405,0.67115,0.19545,0.4411236614339846,0.24467961352465034,5.500918016630917,12,2025-12-01,0,0.0,0,0,63.64166666666667,83.27499999999999,55.1,80.6,32,Nữ,Nhà tâm lý học tư vấn,Đắk Lắk
KH00102410,0.53535,0.12869999999999998,0.417387622711586,0.18267956634144655,5.214482756468736,12,2025-12-01,0,0.0,0,0,71.01666666666667,79.08333333333333,59.3,79.7,42,Nam,Kỹ thuật viên kế toán,Lâm Đồng
KH00102445,0.6908000000000001,0.1744,0.4397049702361599,0.2384118966632711,5.900810178839851,12,2025-12-01,0,0.0,0,0,65.18333333333334,81.76666666666667,52.4,82.0,43,Nữ,Nhà thiết kế đồ gỗ,Thành phố Hồ Chí Minh
KH00102450,0.46240000000000003,0.18475,0.5286175136627916,0.14456600646078982,5.214482756468736,12,2025-12-01,0,0.0,0,0,71.71666666666667,77.25833333333334,64.6,75.2,56,Nữ,Lập trình viên đa phương tiện,Hà Nội
KH00102485,0.5641499999999999,0.13315,0.24968461171750722,0.2989322676599301,4.1364990019761345,12,2025-12-01,0,0.0,0,0,69.48333333333333,78.91666666666667,47.9,94.0,25,Nữ,Quản lý công viên giải trí,Nghệ An
KH00102490,0.5951,0.1848,0.0032437476951328,0.8244236891421002,2.1972245773362196,1,2025-03-01,0,0.0,0,0,65.5,54.6,65.5,54.6,74,Nữ,Chuyên viên thuế cấp cao,Hà Nội
KH00102525,0.43815000000000004,0.11985,0.4833768490558922,0.18263141042997205,4.816241156068032,12,2025-12-01,0,0.0,0,0,70.36666666666666,77.58333333333333,57.1,76.8,80,Nữ,Dược sĩ bệnh viện,Đà Nẵng
KH00102530,0.7215,0.15075,0.38535775555262286,0.18713449714468544,5.497168225293202,12,2025-12-01,0,0.0,0,0,67.26666666666667,79.05,58.6,80.0,40,Nam,Điều phối viên tình nguyện,Hưng Yên
KH00102565,0.5221,0.1236,0.43405305612756545,0.20415476397389143,5.901266279189834,12,2025-12-01,0,0.0,0,0,69.43333333333334,81.02499999999999,60.5,80.9,23,Nam,Kỹ sư điện tử,Lào Cai
KH00102570,0.43069999999999997,0.16475,0.4688489219114843,0.2514648421489595,4.814214812922799,12,2025-12-01,0,0.0,0,0,73.63333333333334,80.25,64.9,85.0,46,Nữ,Bác sĩ giải phẫu bệnh,Tuyên Quang
KH00102605,0.4793,0.18675,0.5068101393266234,0.1480781390882236,4.814890716970161,12,2025-12-01,0,0.0,0,0,70.23333333333333,77.31666666666666,51.5,76.8,93,Nữ,Nhà tâm lý học thể thao,Lâm Đồng
KH00102610,0.6102,0.13465,0.4338587532406448,0.25625186031214015,4.141811099461024,12,2025-12-01,0,0.0,0,0,68.51666666666667,78.39166666666667,59.3,78.6,49,Nữ,Chuyên viên nhân sự,Lạng Sơn
KH00102645,0.7272000000000001,0.15325,0.430088852380181,0.1816805412773905,5.498533413218542,12,2025-12-01,0,0.0,0,0,68.33333333333333,79.15833333333333,58.0,78.8,41,Nam,Kỹ thuật viên sản xuất bia,Đồng Tháp
KH00102650,0.7336499999999999,0.26105,0.5493192624808636,0.21725927215114585,5.500577706945823,12,2025-12-01,0,0.0,0,0,61.666666666666664,81.60000000000001,46.0,81.2,50,Nam,Nhà luyện kim,Lâm Đồng
KH00102685,0.52515,0.1162,0.41007065109857493,0.18320501286416668,5.499896739946406,12,2025-12-01,0,0.0,0,0,71.79166666666667,79.925,58.8,79.6,27,Nam,Dược sĩ cộng đồng,Ninh Bình
KH00102690,0.72775,0.22815000000000002,0.4068426896911273,0.19308065060934604,4.817589773939326,12,2025-12-01,0,0.0,0,0,66.0,78.03333333333335,55.4,78.6,45,Nam,Nhà luyện kim,Lâm Đồng
KH00102725,0.47145000000000004,0.1316,0.5780008113839207,0.2422519521846691,4.1364990019761345,12,2025-12-01,0,0.0,0,0,70.25833333333334,75.95833333333333,51.5,81.6,44,Nam,Quản lý tour du lịch,Hà Nội
KH00102730,0.9817,0.1971,0.4629106064682835,0.26257801942387904,5.720858075446456,12,2025-12-01,1,0.08333333333333333,1,0,55.74166666666667,83.09166666666667,24.4,81.4,35,Nữ,Nhân viên cấp cứu,Cà Mau
KH00102765,0.5750500000000001,0.1264,0.4426482304114022,0.24803595345521695,5.502957446297687,12,2025-12-01,0,0.0,0,0,69.58333333333333,83.16666666666667,57.3,82.1,27,Nữ,Chuyên viên chăm sóc cây,Đà Nẵng
KH00102770,0.4603,0.1169,0.4829428525115244,0.17146306174367426,5.214482756468736,12,2025-12-01,0,0.0,0,0,72.10833333333333,78.63333333333334,59.9,76.3,86,Nữ,Phi công hàng không,Đồng Nai
KH00102805,0.5741499999999999,0.17325000000000002,0.46508559651358083,0.2710214581597977,4.809470649500821,12,2025-12-01,0,0.0,0,0,68.53333333333333,80.45,53.8,81.3,49,Nữ,Chuyên viên quản lý khách hàng quảng cáo,Hà Nội
KH00102810,0.6509499999999999,0.247,0.46223997529755534,0.21616017717987318,4.815566164479798,12,2025-12-01,0,0.0,0,0,64.41666666666667,80.24166666666666,50.9,80.5,33,Nữ,Chuyên viên kính thuốc,Đà Nẵng
KH00102845,0.52475,0.1088,0.4828180183501623,0.24726281813652617,5.498874419189451,12,2025-12-01,0,0.0,0,0,69.04166666666667,81.72500000000001,59.4,84.9,27,Nam,Kỹ sư khoan,Đà Nẵng
KH00102850,0.71445,0.20279999999999998,0.45374562380469896,0.25972571183793636,5.721676964532752,12,2025-12-01,0,0.0,0,0,63.824999999999996,82.69166666666666,52.1,83.1,26,Nữ,Nhà thiết kế sản phẩm công nghiệp,Đồng Tháp
KH00102885,0.45055,0.09834999999999999,0.4404480894177557,0.23089542364124105,5.214935757608986,12,2025-12-01,0,0.0,0,0,73.90833333333333,80.99166666666666,58.9,85.9,28,Nữ,Kỹ sư sản xuất,Lâm Đồng
KH00102890,0.47515,0.12845,0.5988902900796568,0.13902419031705604,5.213576138092946,12,2025-12-01,0,0.0,0,0,70.14166666666667,76.99166666666666,42.8,73.2,40,Nữ,Kỹ sư điều khiển và tự động hóa,Huế
KH00102925,0.6458999999999999,0.15,0.5111972367877564,0.2564275366027263,4.815566164479798,12,2025-12-01,0,0.0,0,0,65.44166666666666,81.60833333333333,47.3,77.6,78,Nam,Chuyên viên phôi học lâm sàng,Hải Phòng
KH00102930,0.76845,0.24005,0.5278261922238237,0.17227696708865065,5.214482756468736,12,2025-12-01,0,0.0,0,0,62.25833333333333,78.60833333333333,54.1,78.6,54,Nam,Điều dưỡng nhi khoa,Ninh Bình
KH00102965,0.8853,0.31125,0.48301241515415994,0.17449290786731966,5.214482756468736,12,2025-12-01,0,0.0,0,0,59.458333333333336,78.64999999999999,50.1,82.4,58,Nữ,Nhà sản xuất phát thanh,Quảng Ngãi
KH00102970,0.5334,0.1406,0.5475868171303724,0.19065442018528433,5.4975096970397335,12,2025-12-01,0,0.0,0,0,72.16666666666667,79.77499999999999,59.9,80.1,54,Nữ,Lập trình viên ứng dụng,Nghệ An
KH00103005,0.80535,0.21760000000000002,0.5412631050216727,0.1142339231751944,4.127134385045092,12,2025-12-01,0,0.0,0,0,63.300000000000004,71.98333333333333,47.9,92.5,67,Nữ,Cán bộ chính quyền địa phương,Hà Nội
KH00103010,0.37065,0.07995,0.4662314249994838,0.26369704767390423,5.498192290922892,12,2025-12-01,0,0.0,0,0,76.075,82.50833333333334,67.7,83.2,33,Nữ,Giám đốc chiến lược,Tây Ninh
KH00103045,0.7098500000000001,0.18695,0.4550315101487205,0.22545243293227768,5.723040291260616,12,2025-12-01,0,0.0,0,0,64.175,82.0,53.4,81.1,43,Nữ,Biên tập viên hiệu đính,Vĩnh Long
KH00103050,0.73255,0.14345,0.38737551574300344,0.188501860430707,5.213576138092946,12,2025-12-01,0,0.0,0,0,67.66666666666667,78.79166666666667,58.8,79.3,46,Nam,Chuyên viên chỉnh thị,Lào Cai
KH00103085,0.7205,0.16185,0.47068974814347275,0.2499843187987319,5.720584963332236,12,2025-12-01,0,0.0,0,0,64.50833333333334,82.94166666666666,53.6,83.7,42,Nam,Nhà trị liệu tâm lý trẻ em,Khánh Hòa
KH00103090,0.6749,0.20495000000000002,0.483411397298382,0.1752077664600688,5.214482756468736,12,2025-12-01,0,0.0,0,0,64.66666666666667,79.55,55.5,80.2,43,Nam,Nhà biên soạn từ điển,Điện Biên
KH00103125,0.69165,0.2278,0.5019922366992355,0.23098895581282713,5.720858075446456,12,2025-12-01,0,0.0,0,0,62.833333333333336,81.80833333333334,48.9,79.8,40,Nam,Nhà thiết kế triển lãm,Thành phố Hồ Chí Minh
KH00103130,0.6238,0.14095,0.5337348304427624,0.17195520037869078,5.900125638025898,12,2025-12-01,0,0.0,0,0,66.375,78.7,54.1,81.5,44,Nữ,Biên tập viên hiệu đính báo chí,Hải Phòng
KH00103165,0.57585,0.2041,0.5276795055141414,0.20572909698082964,4.812184355372417,12,2025-12-01,0,0.0,0,0,65.3,78.16666666666667,54.2,77.8,62,Nam,Kỹ thuật viên sản xuất bia,Thành phố Hồ Chí Minh
KH00103170,0.30645,0.07765,0.5300358426396958,0.18239050254213962,4.812861632743379,12,2025-12-01,0,0.0,0,0,77.83333333333333,77.39999999999999,73.5,76.3,67,Nam,Giám đốc vận hành,Thành phố Hồ Chí Minh
KH00103205,0.43069999999999997,0.14434999999999998,0.5446008587746718,0.17445220269098227,5.214935757608986,12,2025-12-01,0,0.0,0,0,73.53333333333333,78.60833333333333,58.4,80.8,59,Nam,Nhà khoa học địa chất,Thành phố Hồ Chí Minh
KH00103210,0.42845,0.1134,0.5558213822767265,0.1536106963872626,5.211760431738461,12,2025-12-01,0,0.0,0,0,73.675,77.925,50.9,89.6,44,Nữ,Giám đốc vận hành,Điện Biên
KH00103245,0.7036,0.26185,0.5057017699585014,0.20212959552960796,5.905361848054571,12,2025-12-01,0,0.0,0,0,60.949999999999996,79.96666666666667,47.5,77.3,48,Nữ,Chuyên viên tư vấn môi trường,Đồng Tháp
KH00103250,0.7677499999999999,0.20745,0.26913836829845195,0.26389445788477317,5.901494251378214,12,2025-12-01,0,0.0,0,0,62.76666666666667,83.38333333333334,48.2,86.6,20,Nam,Chuyên viên thông tin hướng nghiệp,Phú Thọ
KH00103285,0.56105,0.14,0.4855726414413395,0.14179142592412464,5.211305989558407,12,2025-12-01,0,0.0,0,0,68.86666666666666,77.61666666666666,63.6,77.0,59,Nam,Biên tập viên đặt bài,Hà Nội
KH00103290,0.73055,0.16299999999999998,0.5636828039072871,0.21043856067490047,5.213122520484805,12,2025-12-01,0,0.0,0,0,66.66666666666667,80.91666666666667,56.6,78.9,66,Nữ,Nhà di truyền tế bào học,Khánh Hòa
KH00103325,0.75085,0.23995,0.5233666653386697,0.15251869864865125,5.214029550025447,12,2025-12-01,0,0.0,0,0,63.23333333333333,77.27499999999999,54.5,76.8,58,Nam,Chuyên viên viết nội dung quảng cáo,Thanh Hóa
KH00103330,0.6098,0.1839,0.5653287773687248,0.18508603338134605,4.812184355372417,12,2025-12-01,0,0.0,0,0,66.99166666666666,78.23333333333333,51.2,82.7,53,Nữ,Chuyên viên pháp lý được cấp chứng chỉ,Tây Ninh
KH00103365,0.8641,0.23345,0.516504319440013,0.17846660810635434,4.133832333729219,12,2025-12-01,0,0.0,0,0,61.15,74.31666666666666,50.5,76.0,53,Nam,Công chức diện đào tạo nhanh,Tây Ninh
KH00103370,0.69585,0.19990000000000002,0.518391947687173,0.12346560273497514,4.131158535344817,12,2025-12-01,0,0.0,0,0,63.53333333333333,73.375,60.3,72.5,58,Nữ,Người dẫn chương trình phát sóng,Hưng Yên
KH00103405,0.6717500000000001,0.20425,0.5314508017413078,0.2268023863406386,5.214935757608986,12,2025-12-01,0,0.0,0,0,63.275,81.26666666666667,46.1,88.5,38,Nam,Quản lý trung tâm thể hình,Cà Mau
KH00103410,0.91475,0.2218,0.5528777736466772,0.17660218427922164,4.812861632743379,12,2025-12-01,0,0.0,0,0,62.81666666666666,76.7,54.0,81.4,59,Nam,Nhân viên phát triển cộng đồng,Hải Phòng
KH00103445,0.6429,0.16720000000000002,0.4945785627190826,0.23240114355637492,4.1298189504157605,12,2025-12-01,0,0.0,0,0,67.19166666666666,74.8,54.9,79.9,64,Nam,Nhà địa chất hiện trường,Quảng Ngãi
KH00103450,0.5786,0.16075,0.5327339393389763,0.1649983215791414,4.814214812922799,12,2025-12-01,0,0.0,0,0,67.84166666666667,77.21666666666667,52.5,74.0,92,Nữ,Chuyên viên trưng bày bán lẻ,Phú Thọ
KH00103485,0.81545,0.21865,0.41429363377707407,0.2310904457399317,4.812861632743379,12,2025-12-01,0,0.0,0,0,60.74166666666667,80.35833333333333,50.9,89.2,27,Nữ,Nhân viên xe cứu thương,Đồng Tháp
KH00103490,0.81735,0.19085000000000002,0.5033077127539558,0.17869916053986995,5.498874419189451,12,2025-12-01,0,0.0,0,0,60.625,79.18333333333334,49.2,82.6,29,Nữ,Nhà trị liệu tâm lý,Lạng Sơn
KH00103525,0.5629500000000001,0.14135,0.6032797624102884,0.1471033012588839,4.135166556742356,12,2025-12-01,1,0.08333333333333333,0,0,62.93333333333334,72.35000000000001,61.3,80.9,47,Nam,Chuyên viên vệ sinh lao động,Hà Nội
KH00103530,0.8178,0.21689999999999998,0.470391025060091,0.1900060850578234,4.813538451720147,12,2025-12-01,0,0.0,0,0,60.833333333333336,79.27499999999999,51.3,77.9,51,Nam,Người dẫn chương trình phát sóng,Nghệ An
KH00103565,0.62125,0.15810000000000002,0.3862596851240791,0.17606118693942968,5.498533413218542,12,2025-12-01,0,0.0,0,0,67.91666666666667,79.29166666666667,55.8,77.7,38,Nam,Chủ nhiệm ánh sáng trường quay,An Giang
KH00103570,0.9293499999999999,0.2143,0.40974408141989793,0.1626498712778841,4.135166556742356,12,2025-12-01,2,0.16666666666666666,1,0,56.25833333333333,73.75,59.5,71.7,25,Nữ,Trợ lý phát thanh,Vĩnh Long
KH00103605,0.8403,0.2494,0.44702400341719173,0.22273413968330474,5.2158411447237985,12,2025-12-01,0,0.0,0,0,60.574999999999996,80.51666666666667,49.3,80.0,39,Nữ,Cán bộ đào tạo và phát triển,Thành phố Hồ Chí Minh
KH00103610,0.6254,0.14015,0.6335581393674721,0.1566426285834523,4.137829674161839,12,2025-12-01,0,0.0,0,0,68.10000000000001,72.575,50.5,69.9,27,Nữ,Chuyên viên phân tích địa chấn,Vĩnh Long
KH00103645,0.5947,0.1404,0.5439319695200239,0.16711748131435925,4.816241156068032,12,2025-12-01,0,0.0,0,0,69.02499999999999,75.85000000000001,57.4,77.1,65,Nữ,Chuyên viên tư vấn tâm lý,Vĩnh Long
KH00103650,0.6572,0.1865,0.6082535258110096,0.13792841404701905,4.132496328186477,12,2025-12-01,0,0.0,0,0,66.21666666666667,71.99166666666666,45.5,72.4,67,Nam,Thủ thư thư viện công cộng,Quảng Ngãi
KH00103685,0.7711,0.1824,0.1321191752202743,0.6651660005450086,2.5649493574615367,1,2025-09-01,0,0.0,0,0,58.7,50.0,58.7,50.0,82,Nam,Chuyên viên nhân sự,Hưng Yên
KH00103690,0.69265,0.1439,0.5183177965373007,0.21088688463569125,5.500918016630917,12,2025-12-01,0,0.0,0,0,65.54166666666667,81.04166666666667,53.8,80.3,47,Nữ,Biên tập viên chuyên đề tạp chí,Thành phố Hồ Chí Minh
KH00103725,0.60695,0.13815,0.5143544051891544,0.1458728554823679,4.1364990019761345,12,2025-12-01,0,0.0,0,0,69.79166666666667,72.83333333333333,58.1,74.5,55,Nam,Chuyên viên tư vấn làm vườn,Thành phố Hồ Chí Minh
KH00103730,0.68495,0.1834,0.4980337048837701,0.19005986533818436,4.1298189504157605,12,2025-12-01,0,0.0,0,0,67.11666666666666,74.71666666666667,50.8,76.2,45,Nữ,Chuyên viên thu mua bán lẻ,Thanh Hóa
KH00103765,0.6063000000000001,0.2051,0.5481333861084818,0.1893698526546044,5.217197690263049,12,2025-12-01,0,0.0,0,0,66.02499999999999,79.01666666666667,52.1,83.9,41,Nữ,Kỹ sư hàng không,Tuyên Quang
KH00103770,0.788,0.16510000000000002,0.55040263083757,0.1556611248051591,4.132496328186477,12,2025-12-01,2,0.16666666666666666,2,0,58.725,75.19166666666666,57.1,77.0,30,Nam,Cán bộ giáo dục bảo tàng,Thành phố Hồ Chí Minh
KH00103805,0.5409999999999999,0.1355,0.44745864301023114,0.12687134963263152,4.816241156068032,12,2025-12-01,0,0.0,0,0,66.9,75.23333333333333,64.0,76.3,65,Nam,Nhà khoa học nghiên cứu y học,Hải Phòng
KH00103810,0.71785,0.1862,0.44097352653080985,0.23706362224271438,5.717575796788537,12,2025-12-01,0,0.0,0,0,63.46666666666667,82.64166666666667,53.5,80.8,47,Nữ,Nhà độc chất học,Đồng Tháp
KH00103845,0.7804500000000001,0.19315,0.521335783493785,0.18751139290364954,5.214482756468736,12,2025-12-01,0,0.0,0,0,62.61666666666667,79.075,53.5,80.5,54,Nam,Chuyên viên quy hoạch đô thị,Phú Thọ
KH00103850,0.48835000000000006,0.1212,0.45925094204253514,0.21874901990940593,5.497168225293202,12,2025-12-01,0,0.0,0,0,69.64999999999999,82.48333333333333,53.3,78.3,22,Nữ,Nhà khoa học nghiên cứu toán học,Sơn La
KH00103885,0.6132,0.14675,0.5118025126329184,0.1714764395807333,4.132496328186477,12,2025-12-01,0,0.0,0,0,67.88333333333334,73.64999999999999,63.8,78.1,75,Nam,Nhà thiết kế trang sức,Tây Ninh
KH00103890,0.55165,0.1698,0.5242341065076129,0.13676960963192294,4.133832333729219,12,2025-12-01,0,0.0,0,0,68.34166666666667,72.5,49.2,74.7,33,Nam,Quản lý khách sạn,Thái Nguyên
KH00103925,0.6248,0.17325000000000002,0.45546028309824355,0.1569859529463353,4.81150661898592,12,2025-12-01,0,0.0,0,0,66.88333333333334,76.55,54.4,79.1,86,Nữ,Chuyên viên chăm sóc cây,Quảng Ninh
KH00103930,0.5881,0.1385,1.0,0.0,2.0794415416798357,1,2025-01-01,0,0.0,0,0,76.8,12.8,76.8,12.8,60,Nữ,Chuyên viên tư vấn làm vườn,Lâm Đồng
KH00103965,0.5053,0.1379,0.1028826279356888,0.4864608043059081,2.4849066497880004,1,2025-05-01,0,0.0,0,0,70.8,45.4,70.8,45.4,77,Nữ,Giảng viên giáo dục thường xuyên,Cần Thơ
KH00103970,0.5085500000000001,0.1338,0.4308242470705885,0.28786754969292105,5.216293531069446,12,2025-12-01,0,0.0,0,0,70.89999999999999,84.31666666666666,57.5,86.3,49,Nữ,Quản lý hồ sơ,Bắc Ninh
KH00104005,0.43215000000000003,0.13255,0.5336697901679516,0.2066467316372324,5.720311776607412,12,2025-12-01,0,0.0,0,0,71.78333333333333,81.35833333333333,59.2,80.3,40,Nam,Bác sĩ bệnh viện,Hưng Yên
KH00104010,0.4552,0.18355,0.5580982750476264,0.19043420016648335,4.812861632743379,12,2025-12-01,0,0.0,0,0,68.95,76.85833333333333,59.6,81.5,85,Nam,Kỹ sư vận hành phát sóng,Đồng Nai
KH00104045,0.76395,0.2502,0.5567480780608658,0.148941907271565,4.817589773939326,12,2025-12-01,0,0.0,0,0,63.94166666666666,76.70833333333333,53.9,79.4,61,Nam,Chuyên viên công nghệ màu sắc,An Giang
KH00104050,0.7484500000000001,0.2959,0.5464038211155975,0.2027540916109385,5.218101032691235,12,2025-12-01,1,0.08333333333333333,1,0,59.76666666666667,80.81666666666666,53.1,78.5,81,Nam,Quản trị viên giáo dục,Đà Nẵng
KH00104085,0.56055,0.14345000000000002,0.26065253034927566,0.26558691092917686,4.137829674161839,12,2025-12-01,1,0.08333333333333333,1,0,65.45833333333333,78.175,56.4,77.8,21,Nữ,Kỹ sư ô tô,Lào Cai
KH00104090,0.7218500000000001,0.26025,0.4013357472321023,0.19863300870016354,5.216293531069446,12,2025-12-01,0,0.0,0,0,64.95833333333333,79.64999999999999,53.7,79.0,42,Nam,Chuyên viên y tế môi trường,Hà Nội
KH00104125,0.5636,0.22185,0.4260005674401435,0.22860001745810835,5.2108513407667605,12,2025-12-01,0,0.0,0,0,67.18333333333334,79.7,54.7,81.3,30,Nữ,Quản lý nhà hát,Phú Thọ
KH00104130,0.6207,0.25085,0.5108395225186824,0.19535350338200716,4.141811099461024,12,2025-12-01,1,0.08333333333333333,1,0,63.4,74.04166666666667,50.4,78.3,50,Nữ,Nhà thiết kế trang sức,Lào Cai
KH00104165,0.59635,0.17065000000000002,0.5438737054174474,0.18433470985930894,5.903088603156555,12,2025-12-01,0,0.0,0,0,66.23333333333333,80.59166666666667,55.8,79.6,33,Nữ,Kiểm soát viên tài chính,Thành phố Hồ Chí Minh
KH00104170,0.57865,0.1272,0.5078122812634743,0.14938657773833403,5.214482756468736,12,2025-12-01,0,0.0,0,0,69.45833333333333,77.65833333333333,57.8,80.1,58,Nữ,Quản lý tổng đài,Sơn La
KH00104205,0.6315500000000001,0.14495,0.46720839885531507,0.17968732002282078,4.812861632743379,12,2025-12-01,1,0.08333333333333333,0,0,62.60833333333333,78.60833333333333,55.3,79.1,49,Nữ,Chuyên viên kính thuốc,Đà Nẵng
KH00104210,0.52765,0.1118,0.5038898649617599,0.21191645946088367,5.214935757608986,12,2025-12-01,0,0.0,0,0,70.15833333333333,79.825,57.0,76.8,71,Nữ,Chuyên viên chăm sóc bàn chân,Thành phố Hồ Chí Minh
KH00104245,0.7601,0.15065,0.48102524719090634,0.20264164212429953,5.215388553632117,12,2025-12-01,0,0.0,0,0,63.1,80.43333333333334,58.7,80.2,45,Nam,Chuyên viên nghiên cứu xã hội,Lâm Đồng
KH00104250,0.7218,0.1691,0.5024880558041083,0.1880453611134797,4.814214812922799,12,2025-12-01,0,0.0,0,0,66.75,77.11666666666666,65.2,75.8,64,Nữ,Nhà địa chất hiện trường,Bắc Ninh
KH00104285,0.70485,0.15445,0.5213520559115935,0.14863307060937858,5.213122520484805,12,2025-12-01,0,0.0,0,0,64.85833333333333,77.8,57.3,76.4,53,Nữ,Chuyên viên tư vấn thuế,Đồng Nai
KH00104290,0.5299,0.1378,0.4462347860693479,0.25086744329390365,5.90377111939281,12,2025-12-01,0,0.0,0,0,69.34166666666667,82.97500000000001,56.7,82.7,34,Nữ,Chuyên viên tư vấn môi trường,Thành phố Hồ Chí Minh
KH00104325,0.82345,0.1586,0.5515790606240043,0.19128970880077,4.813538451720147,12,2025-12-01,0,0.0,0,0,64.95,77.27499999999999,54.3,82.6,60,Nam,Trợ lý sản xuất phát thanh,Thành phố Hồ Chí Minh
KH00104330,0.4718,0.1006,0.2378037674975282,0.4184706249674767,2.3978952727983707,1,2025-04-01,0,0.0,0,0,75.2,48.3,75.2,48.3,80,Nam,Dược sĩ cộng đồng,Lào Cai
KH00104365,0.47519999999999996,0.1131,0.5563636257385095,0.1971102162304068,5.498874419189451,12,2025-12-01,0,0.0,0,0,72.25,80.93333333333334,64.0,78.0,36,Nam,Nhà giao dịch tài chính,Sơn La
KH00104370,0.47535,0.09870000000000001,0.49607581522601507,0.18092487909098764,5.2158411447237985,12,2025-12-01,0,0.0,0,0,70.79166666666667,78.825,54.5,82.1,70,Nam,Kỹ sư sản xuất,Đồng Tháp
KH00104405,0.6727,0.174,0.5378601739120226,0.19801028552346828,5.902177856281217,12,2025-12-01,0,0.0,0,0,64.7,79.44166666666666,50.5,79.8,35,Nữ,Chuyên viên pháp chế,Thanh Hóa
KH00104410,0.48014999999999997,0.09509999999999999,0.44659110726803675,0.18317558142511844,4.1364990019761345,12,2025-12-01,0,0.0,0,0,70.79166666666667,74.72500000000001,59.5,79.0,59,Nữ,Dược sĩ bệnh viện,Hưng Yên
KH00104445,0.43335,0.12595,0.47644365901544133,0.1557182616980869,4.1364990019761345,12,2025-12-01,0,0.0,0,0,68.99166666666666,75.18333333333334,53.3,73.5,37,Nam,Nhà khoa học thính học,Đà Nẵng
KH00104450,0.5941000000000001,0.1373,0.44944644721920124,0.25226961927313246,5.719491768361381,12,2025-12-01,0,0.0,0,0,69.05833333333334,82.8,53.8,79.3,29,Nữ,Nhà thống kê,Thành phố Hồ Chí Minh
KH00104485,0.8767499999999999,0.23785,0.4102019437687934,0.1961541347911933,4.813538451720147,12,2025-12-01,0,0.0,0,0,62.324999999999996,77.77499999999999,56.7,81.6,47,Nam,Cán bộ hành chính địa phương,Cà Mau
KH00104490,0.5862,0.113,0.2210294779573499,0.5698901901502348,2.3978952727983707,1,2025-10-01,0,0.0,0,0,68.8,49.3,68.8,49.3,52,Nữ,Kỹ sư y sinh,Hải Phòng
KH00104525,0.6516,0.2044,0.4101358754624518,0.22638469792233618,4.141811099461024,12,2025-12-01,0,0.0,0,0,61.73333333333333,74.77499999999999,49.5,84.6,25,Nam,Nhà biên soạn từ điển,Đồng Tháp
KH00104530,0.59185,0.213,0.512023245008254,0.14233034811065445,4.135166556742356,12,2025-12-01,0,0.0,0,0,66.39166666666667,72.325,59.6,73.8,72,Nam,Sĩ quan hậu cần quân đội,Hà Nội
KH00104565,0.63595,0.1439,0.48529947068548296,0.1374914910529944,4.81014976667463,12,2025-12-01,0,0.0,0,0,66.69166666666666,76.40833333333333,55.2,75.6,63,Nam,Quản trị viên cơ sở dữ liệu,Khánh Hòa
KH00104570,0.6874499999999999,0.15055000000000002,0.5509525980470409,0.1746684255174997,5.499215308914927,12,2025-12-01,0,0.0,0,0,66.10000000000001,79.26666666666667,53.7,78.9,70,Nữ,Chuyên viên nghiên cứu viễn thông,Thành phố Hồ Chí Minh
KH00104605,0.6437999999999999,0.1629,0.395033316864642,0.1982951306415664,5.215388553632117,12,2025-12-01,0,0.0,0,0,67.48333333333333,79.70833333333333,56.4,79.8,36,Nam,Nhà tâm lý học pháp y,Điện Biên
KH00104610,0.4552,0.1129,0.0439544782631925,0.6737727593842574,2.1972245773362196,1,2025-10-01,0,0.0,0,0,74.7,54.6,74.7,54.6,63,Nữ,Nhà khoa học nghiên cứu y học,Lào Cai
KH00104645,0.8021499999999999,0.22235,0.45587250369962035,0.2519539586413294,4.131158535344817,12,2025-12-01,0,0.0,0,0,60.041666666666664,77.54166666666667,53.4,83.0,37,Nam,Nhân viên y tế cộng đồng,Nghệ An
KH00104650,0.60765,0.13890000000000002,0.2529329648882729,0.2616848770110106,5.719765179162811,12,2025-12-01,0,0.0,0,0,67.83333333333333,82.90833333333333,56.7,81.6,21,Nam,Chuyên viên công nghệ dệt may,An Giang
KH00104685,0.5749,0.1172,0.158892582212663,0.5071802559256121,2.302585092994046,1,2025-05-01,0,0.0,0,0,69.6,46.4,69.6,46.4,57,Nam,Cán bộ quản lý thị trường,Lâm Đồng
KH00104690,0.5123,0.1866,0.5261529116692936,0.1238326000202714,4.133832333729219,12,2025-12-01,0,0.0,0,0,67.36666666666666,71.46666666666667,45.2,74.6,68,Nữ,Nhà tâm lý học giáo dục,Đồng Tháp
KH00104725,0.7807,0.24170000000000003,0.5348560884841282,0.21517307077902253,5.4961431098779565,12,2025-12-01,0,0.0,0,0,61.93333333333334,80.5,46.9,85.1,41,Nam,Chuyên viên nghiên cứu chương trình,Đồng Nai
KH00104730,0.56365,0.12739999999999999,0.41667218243533216,0.21243083084666775,5.502278098445473,12,2025-12-01,0,0.0,0,0,65.875,81.13333333333334,54.0,77.4,21,Nữ,Nhà tâm lý học tư vấn,Huế
KH00104765,0.58865,0.1837,0.4875508593677032,0.2090427376410678,5.7224951835883555,12,2025-12-01,0,0.0,0,0,64.81666666666666,82.175,55.9,78.1,44,Nam,Nhà địa chất hiện trường,Đồng Nai
KH00104770,0.5138499999999999,0.15525,0.5274815750288743,0.133760227915515,5.212668697014343,12,2025-12-01,0,0.0,0,0,70.96666666666667,77.54166666666667,54.9,75.4,72,Nữ,Nhà khoa học y sinh,Hà Nội
KH00104805,0.62645,0.19435,0.5019807726695025,0.2407041637138448,5.214029550025447,12,2025-12-01,0,0.0,0,0,67.14999999999999,81.09166666666667,48.9,83.7,28,Nam,Chuyên viên viết nội dung quảng cáo,Điện Biên
KH00104810,0.74815,0.154,0.3665356620260287,0.16859424751691998,4.809470649500821,12,2025-12-01,0,0.0,0,0,65.98333333333333,77.625,56.7,77.3,31,Nam,Chánh văn phòng,Tây Ninh
KH00104845,0.6218,0.13085,0.5527257954259397,0.1669277861839824,5.214482756468736,12,2025-12-01,0,0.0,0,0,69.94166666666666,77.72500000000001,50.2,86.3,61,Nữ,Họa sĩ,Đồng Nai
KH00104850,0.55135,0.11185,0.4284161096414735,0.19009359866677444,5.212214667494625,12,2025-12-01,0,0.0,0,0,67.73333333333333,80.95833333333333,69.1,78.0,19,Nam,Kỹ sư viễn thông,Phú Thọ
KH00104885,0.5783,0.16865,0.5498125852055482,0.1936768579137092,4.814890716970161,12,2025-12-01,0,0.0,0,0,67.76666666666667,78.14999999999999,54.4,75.3,29,Nam,Kỹ sư sản xuất,Gia Lai
KH00104890,0.4663,0.1166,0.4776314085799067,0.16471267675987405,4.135166556742356,12,2025-12-01,0,0.0,0,0,71.64999999999999,72.36666666666666,63.4,77.3,60,Nữ,Kỹ sư khai thác mỏ,Đắk Lắk
KH00104925,0.85305,0.19445,0.47852385393218033,0.19192505700856316,5.714832310842786,12,2025-12-01,0,0.0,0,0,59.05833333333334,80.97500000000001,50.3,84.0,47,Nam,Trợ lý sản xuất truyền hình,Cần Thơ
KH00104930,0.63395,0.14405,0.571945711203875,0.2043694520249708,5.497851052223113,12,2025-12-01,0,0.0,0,0,66.45833333333333,79.91666666666667,51.5,78.1,35,Nam,Chuyên viên trắc địa,Đắk Lắk
KH00104965,0.82565,0.1666,0.4869306738721106,0.2049024501332033,4.135166556742356,12,2025-12-01,0,0.0,0,0,62.76666666666667,76.26666666666667,56.2,80.1,84,Nữ,Nhà hóa sinh lâm sàng,Nghệ An
KH00104970,0.5076,0.14105,0.4845715124071896,0.1968218067932612,4.814214812922799,12,2025-12-01,0,0.0,0,0,68.64166666666667,77.85000000000001,55.3,79.3,54,Nữ,Nhà khoa học lâm sàng miễn dịch di truyền,Thanh Hóa
KH00105005,0.55985,0.19765,0.550743989664992,0.17073324574839632,5.498192290922892,12,2025-12-01,0,0.0,0,0,69.8,78.58333333333333,56.0,80.4,65,Nữ,Chuyên viên tư vấn tài chính,Nghệ An
KH00105010,0.41095,0.13124999999999998,0.5181272510154638,0.1868641605624488,5.499215308914927,12,2025-12-01,0,0.0,0,0,71.96666666666667,80.75,54.6,80.1,53,Nam,Kỹ sư đóng tàu,Thành phố Hồ Chí Minh
KH00105045,0.70215,0.14384999999999998,0.49118949734239326,0.1564091624836721,5.212214667494625,12,2025-12-01,0,0.0,0,0,65.36666666666666,77.89166666666667,56.6,77.2,68,Nam,Nhà di truyền tế bào học,Cần Thơ
KH00105050,0.9198500000000001,0.21455000000000002,0.5710047633997644,0.18785065050657784,5.214482756468736,12,2025-12-01,1,0.08333333333333333,0,0,55.125,79.40833333333333,39.3,78.7,30,Nữ,Thư ký y khoa,Hà Tĩnh
KH00105085,0.61715,0.1557,0.5821018884283639,0.17729910227615037,4.810828422961282,12,2025-12-01,0,0.0,0,0,69.02499999999999,77.45833333333333,49.1,89.5,79,Nam,Kế toán công tài chính công,Phú Thọ
KH00105090,0.5122,0.16385,0.44065008496754543,0.2302743365458515,5.7192182827860405,12,2025-12-01,0,0.0,0,0,69.15833333333333,81.61666666666666,54.4,84.3,50,Nữ,Lập trình viên hệ thống,Phú Thọ
KH00105125,0.3502,0.09240000000000001,0.4528168228736089,0.21394187414042137,5.72194977861165,12,2025-12-01,0,0.0,0,0,73.24166666666666,80.49166666666666,62.4,81.4,24,Nữ,Bác sĩ bệnh viện,Thành phố Hồ Chí Minh
KH00105130,0.60775,0.13635,0.4842189965957948,0.22688715752321348,5.213576138092946,12,2025-12-01,0,0.0,0,0,68.45,80.73333333333333,53.4,78.0,31,Nam,Quản lý bối cảnh quay,Tây Ninh
KH00105165,0.74795,0.26525,0.5447323256831367,0.2239361693887316,4.814214812922799,12,2025-12-01,0,0.0,0,0,61.333333333333336,79.03333333333333,47.5,84.7,59,Nam,Điều dưỡng sức khỏe tâm thần,Điện Biên
KH00105170,0.40195000000000003,0.08315,0.5601548244737038,0.20984277603095305,5.214482756468736,12,2025-12-01,0,0.0,0,0,76.00833333333334,79.88333333333334,68.8,79.0,91,Nữ,Nhà khoa học thính học,Hà Nội
KH00105205,0.7419,0.18475000000000003,0.27477144361423933,0.27757613797960445,4.8209533828960085,12,2025-12-01,0,0.0,0,0,63.19166666666666,82.73333333333333,55.9,84.0,19,Nam,Nhân viên giao nhận vận tải,Lâm Đồng
KH00105210,0.6673,0.2117,0.0958094807780018,0.9006184969373532,2.772588722239781,1,2025-10-01,0,0.0,0,0,62.3,56.5,62.3,56.5,24,Nam,Chuyên viên tư vấn hướng nghiệp,Thái Nguyên
KH00105245,0.6526000000000001,0.17645,0.44141504344660315,0.2544707149697481,5.900582050630809,12,2025-12-01,0,0.0,0,0,67.825,82.93333333333334,51.7,84.7,45,Nữ,Lính cứu hỏa,Tây Ninh
KH00105250,0.7729,0.20155,0.3688690914462486,0.18152570201552398,5.214482756468736,12,2025-12-01,0,0.0,0,0,65.10833333333333,78.48333333333333,54.2,79.1,42,Nam,Điều dưỡng sức khỏe tâm thần,Hưng Yên
KH00105285,0.5081,0.12645,0.5474137911353016,0.1789075785525558,5.502617830060767,12,2025-12-01,0,0.0,0,0,70.28333333333333,80.13333333333334,54.2,79.7,50,Nữ,Kỹ sư khoan,Lào Cai
KH00105290,0.63835,0.1444,0.4673760579996679,0.267266300228409,5.4961431098779565,12,2025-12-01,0,0.0,0,0,65.43333333333334,82.78333333333333,53.6,76.2,30,Nam,Chuyên viên trị liệu kịch nghệ,Đồng Tháp
KH00105325,0.684,0.2101,0.2956502208579771,0.3416560604926256,2.4849066497880004,1,2025-09-01,0,0.0,0,0,63.0,36.8,63.0,36.8,79,Nam,Kế toán viên công chứng,Lạng Sơn
KH00105330,0.75725,0.1647,0.4454826467744381,0.2546636235653592,5.213576138092946,12,2025-12-01,0,0.0,0,0,64.27499999999999,82.16666666666667,55.0,80.5,34,Nữ,Thủ thư thư viện công cộng,Hải Phòng
KH00105365,0.8893,0.31565,0.49294161434196404,0.2342035775366979,5.721404076006021,12,2025-12-01,0,0.0,0,0,57.78333333333333,81.41666666666667,40.7,80.8,36,Nam,Nhân viên cấp cứu,Thái Nguyên
KH00105370,0.76425,0.27955,0.3708093509799786,0.1784803239086875,4.814890716970161,12,2025-12-01,0,0.0,0,0,61.975,77.91666666666667,52.4,78.6,30,Nam,Chuyên viên dựng phim,Lai Châu
KH00105405,0.6204,0.23595,0.5549205296768682,0.1836657831466127,5.5002372814106195,12,2025-12-01,0,0.0,0,0,65.23333333333333,79.56666666666666,51.8,81.0,65,Nam,Nhà thiết kế đồ gỗ,Hà Nội
KH00105410,0.6058,0.15,0.5705387908068345,0.137572407958021,4.137829674161839,12,2025-12-01,0,0.0,0,0,68.59166666666667,74.26666666666667,52.3,70.5,55,Nữ,Chuyên viên công nghệ màu sắc,Hà Nội
KH00105445,0.69465,0.2752,0.507285420710726,0.14173353480300624,5.72194977861165,12,2025-12-01,0,0.0,0,0,62.083333333333336,78.16666666666667,52.8,76.0,46,Nữ,Chuyên viên nghiên cứu xã hội,Quảng Ninh
KH00105450,0.3861,0.1001,0.1798081301072778,0.6627978496513272,2.4849066497880004,1,2025-03-01,0,0.0,0,0,75.6,51.1,75.6,51.1,57,Nữ,Luật sư tư vấn,Hà Nội
KH00105485,0.6873,0.25745,0.48573316807033234,0.18291598047335678,4.814214812922799,12,2025-12-01,0,0.0,0,0,61.775,76.56666666666668,47.7,81.7,80,Nữ,Chuyên viên sinh lý vận động,Lâm Đồng
KH00105490,0.5865499999999999,0.1213,0.4471439844300282,0.23551967045479288,4.808791070813437,12,2025-12-01,0,0.0,0,0,69.89999999999999,81.39999999999999,59.8,81.3,33,Nữ,Kiểm lâm,Thành phố Hồ Chí Minh
KH00105525,0.70665,0.2117,0.5082217177455004,0.1443921852769658,5.215388553632117,12,2025-12-01,0,0.0,0,0,61.50833333333333,77.04166666666667,47.2,81.9,34,Nữ,Nhà khảo cổ học,Thanh Hóa
KH00105530,0.503,0.1051,0.603644269260919,0.16534180796767667,4.817589773939326,12,2025-12-01,0,0.0,0,0,71.76666666666667,76.25,55.2,84.2,35,Nữ,Quản lý công ty du lịch,Hưng Yên
KH00105565,0.4,0.0906,0.1876044242464746,0.6069387823297467,2.3978952727983707,1,2025-01-01,0,0.0,0,0,75.0,48.0,75.0,48.0,86,Nam,Kỹ sư năng lượng,Đà Nẵng
KH00105570,0.57955,0.1366,0.5178610606893226,0.13939594277085535,4.137829674161839,12,2025-12-01,0,0.0,0,0,69.18333333333334,72.35833333333333,56.2,69.6,57,Nam,Kỹ sư hóa học,Cần Thơ
KH00105605,0.5349999999999999,0.15925,0.4490190254076984,0.2396555023187617,5.720038515231207,12,2025-12-01,0,0.0,0,0,68.64999999999999,82.075,57.2,82.3,45,Nữ,Nhà khoa học biển,Cần Thơ
KH00105610,0.617,0.1953,0.49161150152528715,0.22025822055490335,4.135166556742356,12,2025-12-01,0,0.0,0,0,65.70833333333333,75.86666666666666,44.7,83.5,56,Nam,Nghệ sĩ,Hà Nội
KH00105645,0.61,0.22165,0.5220911712892642,0.1894563613662978,5.499215308914927,12,2025-12-01,0,0.0,0,0,66.28333333333333,79.53333333333333,55.1,77.7,26,Nữ,Giảng viên công nghệ thông tin,Quảng Ninh
KH00105650,0.9267,0.18165,0.5010655960088686,0.1877758750627792,4.815566164479798,12,2025-12-01,1,0.08333333333333333,1,0,56.083333333333336,77.35833333333333,35.0,85.5,69,Nam,Nhân viên giao dịch,Phú Thọ
KH00105685,0.4809,0.1119,0.4541043955781771,0.19048661623081048,5.7192182827860405,12,2025-12-01,0,0.0,0,0,69.35833333333333,80.28333333333333,59.7,79.5,23,Nam,Kỹ sư vật liệu,Phú Thọ
KH00105690,0.8139000000000001,0.20085,0.5178763211304996,0.17595686822641599,5.218101032691235,12,2025-12-01,0,0.0,0,0,61.50833333333333,78.54166666666667,49.7,79.6,80,Nữ,Chuyên viên khảo sát khoáng sản,Lâm Đồng
KH00105725,0.48085,0.1076,0.5639363258458132,0.1859466374902059,4.141811099461024,12,2025-12-01,0,0.0,0,0,71.52499999999999,73.64999999999999,63.0,77.7,53,Nam,Luật sư sáng chế,Nghệ An
KH00105730,0.5494,0.14629999999999999,0.37162032364191233,0.17818822808666906,5.499215308914927,12,2025-12-01,0,0.0,0,0,70.10833333333333,78.96666666666667,57.6,79.5,42,Nam,Chuyên viên giám định tổn thất công chứng,Hà Nội
KH00105765,0.8142,0.219,0.5720799859370803,0.18099025761234333,4.814214812922799,12,2025-12-01,0,0.0,0,0,62.11666666666667,78.56666666666666,43.1,84.2,36,Nữ,Kỹ thuật viên phòng thí nghiệm,Thanh Hóa
KH00105770,0.5491,0.1954,0.0391911332172373,0.8094899736163125,2.1972245773362196,1,2025-03-01,0,0.0,0,0,69.2,46.0,69.2,46.0,52,Nữ,Dược sĩ bệnh viện,Quảng Ngãi
KH00105805,0.7679,0.2611,0.38663310633387493,0.16615602621380476,5.214029550025447,12,2025-12-01,0,0.0,0,0,63.18333333333334,78.48333333333333,51.8,79.3,40,Nam,Trợ lý phát thanh,Tuyên Quang
KH00105810,0.71965,0.1444,0.520171389159815,0.21831645603507388,4.137829674161839,12,2025-12-01,0,0.0,0,0,64.23333333333333,75.05,50.0,84.0,39,Nam,Nhà thiết kế nội thất,Tây Ninh
KH00105845,0.76875,0.16385,0.479639478253334,0.1910886375924784,4.1364990019761345,12,2025-12-01,1,0.08333333333333333,1,0,61.48333333333333,72.43333333333334,50.3,77.5,65,Nữ,Nhà văn khoa học,Hà Nội
KH00105850,0.7407,0.2447,0.5189083469857252,0.23901539073216144,4.137829674161839,12,2025-12-01,0,0.0,0,0,63.43333333333334,75.52499999999999,52.1,74.7,51,Nữ,Kỹ thuật viên y tế,Đồng Tháp
KH00105885,0.6003000000000001,0.1423,0.563614117503995,0.1710498652721745,5.212214667494625,12,2025-12-01,0,0.0,0,0,68.51666666666667,78.10833333333333,59.1,76.9,55,Nữ,Chuyên viên thẩm định bảo hiểm,Tuyên Quang
KH00105890,0.5299,0.1057,0.4307407773288333,0.18255702017593256,4.131158535344817,12,2025-12-01,0,0.0,0,0,74.06666666666666,72.31666666666666,62.1,77.8,37,Nam,Kỹ sư phát thanh truyền hình,Cần Thơ
KH00105925,0.3618,0.1362,0.5300032799706851,0.296360595976934,5.4995560824741965,12,2025-12-01,0,0.0,0,0,73.2,83.21666666666667,59.0,78.7,33,Nam,Giám đốc chiến lược,Vĩnh Long
KH00105930,0.8180000000000001,0.2197,0.38016226540358167,0.170452514863735,5.213576138092946,12,2025-12-01,0,0.0,0,0,63.050000000000004,78.175,54.0,79.5,28,Nam,Cán bộ thủy sản,An Giang
KH00105965,0.5616,0.1176,0.1496001220336028,0.8419011091982828,2.1972245773362196,1,2025-07-01,0,0.0,0,0,68.0,47.4,68.0,47.4,76,Nữ,Kỹ sư cấp thoát nước,Đồng Nai
KH00105970,0.51825,0.1127,0.5478793785268141,0.13316575052248747,4.1404857182199555,12,2025-12-01,0,0.0,0,0,72.00833333333334,72.74166666666666,65.2,73.2,79,Nữ,Kỹ sư vật liệu,Đồng Nai
KH00106005,0.62195,0.1356,0.24157063324686806,0.2676377340689393,5.718944722395879,12,2025-12-01,0,0.0,0,0,66.325,82.91666666666667,52.5,86.0,17,Nam,Chuyên viên khảo sát bất động sản,Thành phố Hồ Chí Minh
KH00106010,0.6372,0.13524999999999998,0.4539532613595786,0.1934738269566946,4.1404857182199555,12,2025-12-01,1,0.08333333333333333,1,0,68.40833333333333,75.60833333333333,61.2,76.9,81,Nữ,Kỹ thuật viên kế toán,Đồng Nai
KH00106045,0.6052,0.1844,0.5590798194083455,0.17417265368710094,4.135166556742356,12,2025-12-01,0,0.0,0,0,67.55833333333334,73.35000000000001,47.2,92.5,57,Nam,Kỹ sư kết cấu,Lào Cai
KH00106050,0.58455,0.17135,0.5568038668463324,0.18566708632364687,4.1404857182199555,12,2025-12-01,0,0.0,0,0,68.54166666666667,72.89999999999999,54.0,77.2,52,Nam,Kỹ sư viễn thông,Gia Lai
KH00106085,0.577,0.2298,0.1192064691413597,0.8810587913766217,2.3978952727983707,1,2025-01-01,0,0.0,0,0,65.3,54.1,65.3,54.1,60,Nam,Chuyên viên phân tích rủi ro,Quảng Ngãi
KH00106090,0.6312,0.1993,0.4078893666027874,0.26883501668836496,4.815566164479798,12,2025-12-01,0,0.0,0,0,65.55833333333334,80.39166666666667,54.5,83.4,43,Nữ,Giáo viên tiếng anh,Cần Thơ
KH00106125,0.7882,0.3194,0.5210183800613679,0.18842128896392016,5.720584963332236,12,2025-12-01,0,0.0,0,0,57.449999999999996,80.38333333333334,45.6,77.7,48,Nữ,Giáo viên mầm non,Quảng Trị
KH00106130,0.7676,0.2962,0.0383411799872958,0.8594935171692262,2.4849066497880004,1,2025-02-01,0,0.0,0,0,56.3,57.3,56.3,57.3,83,Nữ,Chánh văn phòng,Thanh Hóa
KH00106165,0.49870000000000003,0.14455,0.596458022057093,0.1120730179025288,4.143134726391533,12,2025-12-01,1,0.08333333333333333,1,0,68.59166666666667,71.71666666666667,64.6,80.2,68,Nữ,Nhà báo tạp chí,Thành phố Hồ Chí Minh
KH00106170,0.5787,0.1497,0.45759542630623185,0.2147685989706336,5.8989836943138165,12,2025-12-01,0,0.0,0,0,65.63333333333334,80.14999999999999,49.5,81.9,21,Nam,Kế toán công tài chính công,Hải Phòng
KH00106205,0.6868,0.21,0.0854898644889966,0.676931977481587,2.0794415416798357,1,2025-01-01,0,0.0,0,0,60.8,56.8,60.8,56.8,58,Nam,Nhân viên phát triển cộng đồng,Lào Cai
KH00106210,0.8473,0.2316,0.289940689135756,0.7057443670369673,2.5649493574615367,1,2025-12-01,0,0.0,0,0,54.5,53.8,54.5,53.8,68,Nữ,Thư ký pháp lý,Huế
KH00106245,0.36750000000000005,0.10865,0.5173581691975294,0.24362214049419328,4.815566164479798,12,2025-12-01,0,0.0,0,0,72.86666666666666,80.81666666666666,60.9,81.1,36,Nam,Bác sĩ đo mắt,Nghệ An
KH00106250,0.38325,0.129,0.5364100407916867,0.16883260577780626,5.497168225293202,12,2025-12-01,0,0.0,0,0,74.54166666666667,78.10833333333333,67.6,78.8,64,Nữ,Luật sư tranh tụng,Phú Thọ
KH00106285,0.3756,0.1083,0.0876112548432219,0.7552145872275108,2.4849066497880004,1,2025-03-01,0,0.0,0,0,74.8,49.6,74.8,49.6,58,Nam,Luật sư,Ninh Bình
KH00106290,0.70885,0.20095000000000002,0.5709176913188163,0.17798180657870855,5.213576138092946,12,2025-12-01,0,0.0,0,0,64.02499999999999,79.28333333333333,52.7,77.6,54,Nam,Nhà thiết kế trang sức,Ninh Bình
KH00106325,0.5922000000000001,0.13355,0.5646036389538769,0.2000726052722283,5.216745712854225,12,2025-12-01,0,0.0,0,0,68.15833333333333,80.05,57.6,78.7,58,Nam,Nhà tâm lý học lâm sàng,Hưng Yên
KH00106330,0.6365,0.1631,0.0148828342051311,0.8871884041309804,2.5649493574615367,1,2025-04-01,0,0.0,0,0,64.5,50.0,64.5,50.0,55,Nam,Chuyên viên dựng phim,Thanh Hóa
KH00106365,0.66665,0.1912,0.5258176953487738,0.17414633951037495,5.214935757608986,12,2025-12-01,0,0.0,0,0,65.33333333333333,79.39999999999999,50.1,82.0,87,Nam,Chuyên viên trang điểm,Thành phố Hồ Chí Minh
KH00106370,0.4902,0.1829,0.0735903855783675,0.4434001001502253,2.4849066497880004,1,2025-09-01,0,0.0,0,0,71.4,40.5,71.4,40.5,58,Nữ,Kỹ sư phần mềm,Hải Phòng
KH00106405,0.4981,0.1161,0.4295117576001327,0.173904300664674,4.135166556742356,12,2025-12-01,0,0.0,0,0,73.30833333333332,72.825,56.9,75.3,37,Nam,Bác sĩ ung bướu,Cà Mau
KH00106410,0.6424,0.14035,0.4626724718001025,0.2645136479832504,5.901266279189834,12,2025-12-01,0,0.0,0,0,67.325,83.05,55.5,82.9,44,Nữ,Chuyên viên giám định tổn thất công chứng,Đồng Tháp
KH00106445,0.77665,0.2399,0.5788958390976484,0.1560208713258524,4.128477568591559,12,2025-12-01,0,0.0,0,0,62.71666666666667,71.875,55.3,77.1,73,Nữ,Nhân viên cứu trợ quốc tế,Đà Nẵng
KH00106450,0.7353,0.1636,0.4776986914267855,0.163215259471381,5.212668697014343,12,2025-12-01,0,0.0,0,0,65.22500000000001,77.26666666666667,56.4,76.0,55,Nam,Chuyên viên thu mua bán lẻ,Hưng Yên
KH00106485,0.7099,0.16715,0.5312222427358212,0.1691016085735943,5.90286099418778,12,2025-12-01,0,0.0,0,0,64.03333333333333,79.0,54.3,78.5,36,Nữ,Chuyên viên nghiên cứu chính trị,Gia Lai
KH00106490,0.7414,0.2537,0.7323880995461691,0.0,2.1972245773362196,1,2025-12-01,0,0.0,0,0,63.4,17.4,63.4,17.4,74,Nữ,Cán bộ thông tin,Cần Thơ
KH00106525,0.6908000000000001,0.18555,0.390523226502535,0.17106425413537357,4.1404857182199555,12,2025-12-01,0,0.0,0,0,65.65833333333333,72.175,56.3,76.4,50,Nam,Nghệ nhân thổi thủy tinh,Thành phố Hồ Chí Minh
KH00106530,0.7159500000000001,0.1524,0.5064471691262081,0.11439530932328279,4.81150661898592,12,2025-12-01,0,0.0,0,0,64.31666666666666,74.34166666666667,46.9,74.2,72,Nam,Tiếp viên hàng không,Đồng Nai
KH00106565,0.5099,0.1185,0.44981258594690254,0.1662817485453176,5.723857396031667,12,2025-12-01,0,0.0,0,0,66.55833333333334,80.05,53.0,85.3,21,Nam,Nhà giao dịch hợp đồng tương lai,Gia Lai
KH00106570,0.39605,0.1492,0.253530926717786,0.24024221293447956,4.137829674161839,12,2025-12-01,0,0.0,0,0,72.56666666666666,77.55833333333334,51.0,90.5,16,Nữ,Giảng viên đại học,Thành phố Hồ Chí Minh
KH00106605,0.6296999999999999,0.13290000000000002,0.4395886902900269,0.17518737254231193,5.212668697014343,12,2025-12-01,0,0.0,0,0,67.8,79.84166666666667,59.0,77.3,89,Nữ,Chuyên viên chăm sóc bàn chân,Hải Phòng
KH00106610,0.5746,0.13755,0.5369417506914057,0.18339192544767347,4.813538451720147,12,2025-12-01,0,0.0,0,0,70.11666666666666,78.2,63.7,81.8,63,Nam,Nhà địa chất công trình,Thành phố Hồ Chí Minh
KH00106645,0.6392,0.1516,0.3958135487184291,0.1589559404843249,5.4975096970397335,12,2025-12-01,0,0.0,0,0,68.08333333333333,78.075,55.9,78.0,46,Nam,Nhà độc chất học,Bắc Ninh
KH00106650,0.5796,0.11445,0.4460188751403556,0.21561040156370145,5.212668697014343,12,2025-12-01,0,0.0,0,0,69.85833333333333,80.41666666666667,61.4,80.7,29,Nữ,Quản lý công viên giải trí,Thành phố Hồ Chí Minh
KH00106685,0.4928,0.11415,0.38856108426754166,0.1900277804236435,4.813538451720147,12,2025-12-01,0,0.0,0,0,72.575,78.25,58.1,77.3,35,Nam,Quản lý hoạt động ngoài trời,Cần Thơ
KH00106690,0.629,0.1786,0.5229833419863597,0.20649919038882947,4.131158535344817,12,2025-12-01,0,0.0,0,0,66.31666666666666,74.675,54.5,83.8,90,Nữ,Nhà thiết kế dệt may,Lào Cai
KH00106725,0.73285,0.2096,0.5408261228817448,0.1968161955647387,5.498192290922892,12,2025-12-01,0,0.0,0,0,63.86666666666667,78.80833333333334,49.7,81.4,65,Nam,Thủ thư học thuật,Đắk Lắk
KH00106730,0.6026,0.17770000000000002,0.5604290501738549,0.16579519339969223,4.1298189504157605,12,2025-12-01,0,0.0,0,0,69.325,71.73333333333333,55.5,74.0,67,Nam,Chuyên viên phôi học lâm sàng,Tuyên Quang
KH00106765,0.6840999999999999,0.25215,0.5016279721259236,0.17219081382577905,5.214482756468736,12,2025-12-01,0,0.0,0,0,63.416666666666664,78.91666666666667,53.0,79.6,65,Nam,Người hướng dẫn học tập,Thành phố Hồ Chí Minh
KH00106770,0.6797,0.25765000000000005,0.5770299281124811,0.20655781276958957,5.496826636903886,12,2025-12-01,0,0.0,0,0,64.49166666666666,79.58333333333333,49.2,81.9,51,Nữ,Nhà di truyền tế bào học,Hà Nội
KH00106805,0.6532,0.1663,0.5556299461966913,0.18627585484248183,5.90286099418778,12,2025-12-01,0,0.0,0,0,66.28333333333333,80.175,52.9,82.0,31,Nữ,Chuyên viên dựng phim,Đồng Tháp
KH00106810,0.7866,0.27365,0.4650722647184099,0.13179877959722358,4.137829674161839,12,2025-12-01,5,0.4166666666666667,2,0,47.166666666666664,74.09166666666667,30.3,73.0,43,Nam,Chuyên viên khảo sát khoáng sản,Lào Cai
KH00106845,0.8258,0.3339,0.3923109420690102,0.1832121623466042,5.211760431738461,12,2025-12-01,0,0.0,0,0,58.94166666666666,79.2,47.9,79.4,36,Nam,Nhà hóa sinh lâm sàng,Cà Mau
KH00106850,0.79975,0.28974999999999995,0.5074597700087167,0.24404249753488033,4.1404857182199555,12,2025-12-01,1,0.08333333333333333,1,0,58.21666666666667,78.35833333333333,52.9,73.9,53,Nam,Chuyên viên nghiên cứu chính trị,Đồng Nai
KH00106885,0.4665,0.129,0.5426549170278925,0.14327425643386416,4.814890716970161,12,2025-12-01,0,0.0,0,0,71.98333333333333,76.15,60.7,80.7,58,Nữ,Kỹ sư bảo trì,Lâm Đồng
KH00106890,0.7286,0.1541,0.1078827957367476,0.4614522142882268,2.639057329615259,1,2025-06-01,0,0.0,0,0,60.6,44.7,60.6,44.7,23,Nữ,Trợ lý sản xuất truyền hình,Đồng Nai
KH00106925,0.5818,0.1688,0.5760195005618007,0.21794558162809305,4.814214812922799,12,2025-12-01,0,0.0,0,0,66.38333333333334,80.43333333333334,46.5,92.9,43,Nam,Nhà khoa học nghiên cứu khoa học tự nhiên,Đồng Nai
KH00106930,0.558,0.1242,0.5899536111766359,0.14622011032715382,4.810828422961282,12,2025-12-01,0,0.0,0,0,71.41666666666667,75.43333333333332,52.2,84.8,58,Nữ,Nhà khoa học nghiên cứu y học,Cà Mau
KH00106965,0.8323499999999999,0.16315000000000002,0.5468578798423261,0.178039394490586,5.498192290922892,12,2025-12-01,0,0.0,0,0,62.46666666666667,79.58333333333333,55.7,77.1,61,Nam,Sĩ quan huấn luyện quân đội,Phú Thọ
KH00106970,0.6149500000000001,0.1211,0.4965769666650801,0.1953728340541535,4.812861632743379,12,2025-12-01,0,0.0,0,0,66.55833333333334,78.43333333333334,63.3,75.9,70,Nữ,Chuyên viên ngân hàng đầu tư doanh nghiệp,Lâm Đồng
KH00107005,0.4347,0.099,0.5576652692069096,0.1960895602259684,4.1364990019761345,12,2025-12-01,0,0.0,0,0,73.86666666666666,74.30833333333334,65.1,78.0,53,Nam,Kỹ sư vật liệu,Tuyên Quang
KH00107010,0.4839,0.20329999999999998,0.5493189436502504,0.11592661345422889,4.81014976667463,12,2025-12-01,0,0.0,0,0,68.425,75.11666666666666,51.3,79.9,82,Nam,Kỹ sư năng lượng,Đắk Lắk
KH00107045,0.7477,0.2227,0.49326919920684786,0.1379704874809452,4.1364990019761345,12,2025-12-01,0,0.0,0,0,64.26666666666667,72.23333333333333,57.2,75.3,57,Nam,Thư ký y khoa,Quảng Ninh
KH00107050,0.7233499999999999,0.16995,0.5586638420048381,0.26363074040424905,4.1364990019761345,12,2025-12-01,1,0.08333333333333333,1,0,63.43333333333334,76.65833333333333,57.5,77.1,47,Nam,Chuyên viên nghiên cứu thị trường,Khánh Hòa
KH00107085,0.69505,0.20834999999999998,0.45780574833135224,0.2515165203265972,5.901266279189834,12,2025-12-01,0,0.0,0,0,64.3,82.98333333333333,47.9,83.8,49,Nữ,Nhà vật lý y tế,Lâm Đồng
KH00107090,0.71465,0.2224,0.5437252064482937,0.2219389733768386,4.128477568591559,12,2025-12-01,0,0.0,0,0,63.00833333333333,74.60000000000001,47.2,85.4,56,Nam,Chuyên viên quan hệ công chúng,Quảng Trị
KH00107125,0.7498499999999999,0.20535,0.386464019868144,0.19509844093727546,4.814214812922799,12,2025-12-01,0,0.0,0,0,64.73333333333333,78.45,55.3,80.3,29,Nam,Chuyên viên quy hoạch giao thông,Quảng Ngãi
KH00107130,0.426,0.12254999999999999,0.5370403751609223,0.1652572186860993,4.814214812922799,12,2025-12-01,0,0.0,0,0,69.03333333333333,77.85833333333333,53.8,81.0,58,Nữ,Nhà khoa học y sinh,Thành phố Hồ Chí Minh
KH00107165,0.57735,0.14479999999999998,0.45584292716305164,0.2137556901512183,5.7224951835883555,12,2025-12-01,0,0.0,0,0,66.58333333333333,81.19166666666666,58.8,78.1,22,Nam,Quản lý công ty du lịch,Đồng Nai
KH00107170,0.8368,0.19995,0.5104836441816227,0.151216099763545,5.500918016630917,12,2025-12-01,0,0.0,0,0,62.5,78.72500000000001,52.9,82.9,62,Nữ,Nhà sản xuất phát thanh,Đà Nẵng
KH00107205,0.4763,0.1566,0.5522846958694145,0.21498478068134924,5.498533413218542,12,2025-12-01,0,0.0,0,0,68.81666666666666,80.7,58.0,80.8,26,Nam,Kỹ sư y sinh,Lâm Đồng
KH00107210,0.5203500000000001,0.14675,0.39909522842379286,0.16597123269730196,5.215388553632117,12,2025-12-01,0,0.0,0,0,72.26666666666667,77.64999999999999,59.9,78.9,46,Nam,Cán bộ quản lý thị trường,Đồng Tháp
KH00107245,0.5719,0.1991,0.5631583301731062,0.11584111278197246,4.1298189504157605,12,2025-12-01,0,0.0,0,0,68.60833333333333,71.80833333333334,52.1,76.9,53,Nam,Phó giáo sư,Sơn La
KH00107250,0.7629999999999999,0.16,0.5380841716328753,0.20765337085641744,5.500577706945823,12,2025-12-01,0,0.0,0,0,61.083333333333336,81.11666666666666,55.4,79.7,30,Nữ,Chuyên viên kinh doanh công nghệ thông tin,Sơn La
KH00107285,0.65795,0.21095,0.5396885642531323,0.2012175344413279,4.812184355372417,12,2025-12-01,0,0.0,0,0,66.24166666666666,77.39999999999999,54.3,79.8,51,Nữ,Lập trình viên hệ thống,Cao Bằng
KH00107290,0.58615,0.1268,0.43359358376303303,0.1962341924127768,5.217649463480582,12,2025-12-01,0,0.0,0,0,67.05833333333332,80.79166666666667,57.6,80.0,19,Nữ,Người phụ trách bảo tàng,Thành phố Hồ Chí Minh
KH00107325,0.5429,0.17830000000000001,0.5139618047939248,0.17816180471362164,5.902633333401366,12,2025-12-01,0,0.0,0,0,67.50833333333334,79.19166666666666,51.2,84.2,31,Nữ,Kỹ sư điện tử,Nghệ An
KH00107330,0.6143000000000001,0.1734,0.4534459097034105,0.190506793034877,5.724673833687577,12,2025-12-01,0,0.0,0,0,65.00833333333334,81.6,51.9,87.5,16,Nữ,Giáo viên trung học,Đồng Nai
KH00107365,0.4813,0.15189999999999998,0.6089749433687779,0.12622417216509355,4.1298189504157605,12,2025-12-01,0,0.0,0,0,70.675,71.8,53.2,74.5,55,Nam,Kỹ sư xây dựng tư vấn,Thành phố Hồ Chí Minh
KH00107370,0.5937,0.1301,0.111223820036995,0.6049361537084551,2.302585092994046,1,2025-05-01,0,0.0,0,0,67.1,49.1,67.1,49.1,80,Nam,Quản lý trung tâm thể hình,Ninh Bình
KH00107405,0.6228,0.16010000000000002,0.41173801620462136,0.20376342455812357,4.133832333729219,12,2025-12-01,0,0.0,0,0,67.825,75.25833333333334,52.7,76.5,30,Nam,Chuyên viên tư vấn tài chính,Vĩnh Long
KH00107410,0.69045,0.15905,0.4622586854506714,0.2549252599564019,5.8994406282948075,12,2025-12-01,0,0.0,0,0,65.51666666666667,82.84166666666667,55.8,82.2,39,Nữ,Nhà thầu,Thành phố Hồ Chí Minh
KH00107445,0.44855,0.13685,0.5819801213995737,0.0880364650600804,4.125789394929758,12,2025-12-01,0,0.0,0,0,72.5,70.91666666666667,66.4,75.9,28,Nữ,Kỹ sư vật liệu,Hải Phòng
KH00107450,0.5769,0.1716,0.4528476793894388,0.2269356662883478,5.499215308914927,12,2025-12-01,0,0.0,0,0,67.53333333333333,82.38333333333334,56.0,81.2,37,Nữ,Kỹ sư y sinh,Ninh Bình
KH00107485,0.68515,0.20505,0.5390887204766218,0.16324500902798034,4.132496328186477,12,2025-12-01,0,0.0,0,0,67.29166666666667,72.5,57.0,77.7,91,Nam,Chuyên viên thu mua công nghiệp,Hưng Yên
KH00107490,0.63205,0.1459,0.5620416854708544,0.1680166538857515,4.131158535344817,12,2025-12-01,0,0.0,0,0,67.72500000000001,72.64999999999999,60.3,76.0,52,Nam,Nhà tâm lý học tư vấn,Thái Nguyên
KH00107525,0.6917,0.146,0.5339728987430464,0.15775718005341716,4.816241156068032,12,2025-12-01,0,0.0,0,0,65.80833333333334,76.93333333333334,54.1,83.4,26,Nữ,Chuyên viên trưng bày sản phẩm,Thái Nguyên
KH00107530,0.44055,0.09695,0.4205388398022118,0.152126339432215,4.133832333729219,12,2025-12-01,0,0.0,0,0,74.55833333333334,73.925,63.6,74.0,45,Nam,Giảng viên công nghệ thông tin,Đồng Tháp
KH00107565,0.6813499999999999,0.1864,0.5012639037785672,0.1321536041377449,4.128477568591559,12,2025-12-01,2,0.16666666666666666,1,0,60.56666666666666,71.23333333333333,54.5,79.0,56,Nam,Quản lý tổng đài,Nghệ An
KH00107570,0.5762,0.1378,0.4707084005294383,0.17724906078275454,4.135166556742356,12,2025-12-01,0,0.0,0,0,68.27499999999999,72.54166666666667,56.2,78.6,63,Nữ,Quản lý sản xuất,Thanh Hóa
KH00107605,0.7271000000000001,0.1937,0.4876510246486693,0.15761524450146655,5.498874419189451,12,2025-12-01,0,0.0,0,0,63.69166666666667,78.7,45.1,75.3,54,Nam,Biên tập viên chuyên đề tạp chí,Thành phố Hồ Chí Minh
KH00107610,0.7875000000000001,0.2136,0.43418173428126683,0.16566086775464667,4.139158578011894,12,2025-12-01,2,0.16666666666666666,2,0,58.36666666666667,74.6,49.2,82.7,59,Nữ,Cán bộ giáo dục bảo tàng,Khánh Hòa
KH00107645,0.6697500000000001,0.22775,0.5561903754015984,0.12869604824056616,4.809470649500821,12,2025-12-01,0,0.0,0,0,64.65833333333333,74.72500000000001,56.3,77.0,42,Nữ,Chuyên viên trắc địa,Đồng Tháp
KH00107650,0.4736,0.10275000000000001,0.4392939555774281,0.253819713264729,5.902633333401366,12,2025-12-01,0,0.0,0,0,72.05,82.18333333333334,61.3,84.8,35,Nữ,Kỹ sư kết cấu,Đồng Nai
KH00107685,0.7774,0.21760000000000002,0.4840721963102,0.17861977427662679,5.497851052223113,12,2025-12-01,0,0.0,0,0,61.541666666666664,79.06666666666666,53.1,78.7,50,Nữ,Chuyên viên cây xanh cảnh quan,Đà Nẵng
KH00107690,0.69505,0.14765,0.48276287458920675,0.1457617714436055,4.812861632743379,12,2025-12-01,0,0.0,0,0,64.75833333333334,75.925,53.3,84.1,57,Nam,Nhà văn khoa học,Thanh Hóa
KH00107725,0.6679,0.18080000000000002,0.4143329721083353,0.22521961685938674,5.214029550025447,12,2025-12-01,0,0.0,0,0,62.34166666666667,82.35000000000001,59.0,80.1,22,Nam,Thủ thư thư viện công cộng,An Giang
KH00107730,0.63615,0.13319999999999999,0.440457098484607,0.2138450519262301,5.721131112990814,12,2025-12-01,0,0.0,0,0,67.96666666666667,80.72500000000001,55.0,80.9,36,Nữ,Chuyên viên nắn chỉnh xương,Thành phố Hồ Chí Minh
KH00107765,0.8693500000000001,0.1844,0.389629525007649,0.19944705886598174,4.815566164479798,12,2025-12-01,0,0.0,0,0,61.4,79.19166666666666,45.9,77.5,26,Nam,Cán bộ hành chính địa phương,Cà Mau
KH00107770,0.6709499999999999,0.1352,0.40250203151901054,0.18386142842281775,5.214935757608986,12,2025-12-01,0,0.0,0,0,68.63333333333334,79.25,57.1,78.0,46,Nam,Chuyên viên công nghệ dệt may,Sơn La
KH00107805,0.77375,0.1528,0.24725868310108878,0.2870035436400781,5.4995560824741965,12,2025-12-01,0,0.0,0,0,63.25833333333333,84.18333333333332,55.1,80.8,23,Nữ,Giáo viên mầm non,Cần Thơ
KH00107810,0.5184,0.2099,0.0550939765659897,0.6338521801876095,2.70805020110221,1,2025-12-01,0,0.0,0,0,69.7,48.8,69.7,48.8,23,Nam,Biên tập viên đặt bài,Thành phố Hồ Chí Minh
KH00107845,0.6498999999999999,0.15795,0.47251445990099455,0.2106833834363884,5.721676964532752,12,2025-12-01,0,0.0,0,0,65.375,81.625,52.7,77.9,36,Nam,Phóng viên ảnh,Sơn La
KH00107850,0.83995,0.33205,0.5020581927216733,0.17020794278565465,5.723585101952381,12,2025-12-01,0,0.0,0,0,57.5,78.55,50.9,79.6,48,Nữ,Nhân viên cứu trợ quốc tế,Lâm Đồng
KH00107885,0.47565,0.1212,0.4498153500392057,0.2494993630701046,5.900810178839851,12,2025-12-01,0,0.0,0,0,72.7,82.45833333333333,61.9,81.9,45,Nữ,Nhà khoa học thính học,Thành phố Hồ Chí Minh
KH00107890,0.6088,0.219,0.0955518420246964,0.7208388611082763,2.302585092994046,1,2025-04-01,0,0.0,0,0,65.1,50.5,65.1,50.5,23,Nam,Chuyên viên viết nội dung quảng cáo,Hà Nội
KH00107925,0.6954,0.2668,0.5370098181951761,0.21866911527845517,5.211760431738461,12,2025-12-01,0,0.0,0,0,61.86666666666667,79.96666666666667,44.6,90.2,33,Nam,Nhà thiết kế bối cảnh,Hà Tĩnh
KH00107930,0.62845,0.1459,0.47437292169609757,0.2355524503621864,4.135166556742356,12,2025-12-01,0,0.0,0,0,65.69166666666666,76.58333333333333,57.0,78.9,85,Nữ,Quản lý thu mua,Tây Ninh
KH00107965,0.45685,0.11375,0.5226242784325759,0.14591734023437153,4.814890716970161,12,2025-12-01,0,0.0,0,0,71.39999999999999,77.10000000000001,63.9,78.1,85,Nam,Thư ký luật sư tranh tụng,Hải Phòng
KH00107970,0.8079000000000001,0.18385,0.5399250520701407,0.216586304020152,5.499215308914927,12,2025-12-01,0,0.0,0,0,61.53333333333333,81.19166666666666,55.8,80.6,61,Nữ,Chuyên viên trang điểm,Quảng Trị
KH00108005,0.8234999999999999,0.2033,0.5088666096092191,0.1141406679369335,4.1364990019761345,12,2025-12-01,0,0.0,0,0,61.925000000000004,70.575,54.8,72.1,56,Nam,Giáo viên tiếng anh,Hà Tĩnh
KH00108010,0.59605,0.239,0.4839195153952204,0.17644762628000316,4.123093975508087,12,2025-12-01,0,0.0,0,0,65.4,72.48333333333333,46.6,73.3,63,Nam,Quản lý trường quay,Hưng Yên
KH00108045,0.4431,0.10425,0.4925772945614807,0.19144422638391717,5.72194977861165,12,2025-12-01,0,0.0,0,0,70.68333333333334,81.40833333333333,61.0,79.6,27,Nam,Nhà khoa học nghiên cứu toán học,Đồng Tháp
KH00108050,0.6105,0.2249,0.49767715275374846,0.18403004243092486,5.901494251378214,12,2025-12-01,0,0.0,0,0,64.125,79.63333333333334,48.2,77.0,32,Nữ,Người quay phim,Đồng Nai
KH00108085,0.9725999999999999,0.2257,0.48911770465925,0.226248461383196,5.494774652599741,12,2025-12-01,0,0.0,0,0,60.0,81.175,47.2,78.8,47,Nam,Nhân viên tư vấn hỗ trợ,Điện Biên
KH00108090,0.6173,0.18375000000000002,0.5447843343210386,0.1486921053565339,4.812861632743379,12,2025-12-01,0,0.0,0,0,66.77499999999999,76.14999999999999,57.9,74.8,68,Nữ,Chuyên viên xử lý bồi thường bảo hiểm,An Giang
KH00108125,0.6542,0.21405000000000002,0.463634362397176,0.17619298128329056,4.810828422961282,12,2025-12-01,0,0.0,0,0,65.78333333333333,77.46666666666667,54.4,81.1,27,Nam,Chuyên viên phục chế đồ gỗ,Vĩnh Long
KH00108130,0.4609,0.1072,0.535707978154234,0.14071995761893344,4.135166556742356,12,2025-12-01,0,0.0,0,0,75.18333333333334,73.375,75.8,74.1,63,Nam,Nhà khoa học y sinh,Hải Phòng
KH00108165,0.5549,0.10915,0.39041131362579473,0.24318637237193058,4.817589773939326,12,2025-12-01,0,0.0,0,0,68.53333333333333,80.11666666666666,54.6,82.6,27,Nữ,Kỹ sư hệ thống sản xuất,Cần Thơ
KH00108170,0.8385,0.28175,0.4563538344026136,0.2411392033996974,5.720858075446456,12,2025-12-01,0,0.0,0,0,59.324999999999996,82.48333333333333,47.2,81.3,50,Nữ,Thủ thư thư viện công cộng,Điện Biên
KH00108205,0.51395,0.12565,0.48276843674650205,0.21550589354893235,5.498874419189451,12,2025-12-01,0,0.0,0,0,68.22500000000001,81.35833333333333,53.3,86.7,35,Nam,Quản lý di sản,An Giang
KH00108210,0.6771499999999999,0.26335000000000003,0.3759748819383082,0.27587453568621256,4.135166556742356,12,2025-12-01,2,0.16666666666666666,1,0,59.40833333333333,77.66666666666667,59.6,82.0,25,Nam,Chuyên viên trắc địa,Thành phố Hồ Chí Minh
KH00108245,0.6132500000000001,0.18555,0.5137063405276787,0.13968466589825046,4.1298189504157605,12,2025-12-01,1,0.08333333333333333,0,0,63.574999999999996,73.25,64.0,71.2,50,Nam,Chuyên viên biên tập nội dung,Thành phố Hồ Chí Minh
KH00108250,0.7666999999999999,0.24955,0.5860533469885932,0.1827744787203626,4.816915692349932,12,2025-12-01,0,0.0,0,0,62.50833333333333,77.21666666666667,44.1,77.7,88,Nữ,Chuyên viên giám định rủi ro bảo hiểm,Cao Bằng
KH00108285,0.52745,0.13175,0.5484186435864373,0.14880538627427875,5.499896739946406,12,2025-12-01,0,0.0,0,0,71.08333333333333,77.93333333333334,58.0,80.3,94,Nam,Quản lý cơ sở vật chất,Vĩnh Long
KH00108290,0.6622,0.16555,0.4720637684370552,0.15483097543152705,4.813538451720147,12,2025-12-01,0,0.0,0,0,65.02499999999999,77.01666666666667,57.3,77.9,71,Nam,Nhà chọn giống cây trồng,Hà Nội
KH00108325,0.7783,0.1675,0.43734805791951936,0.2675838724338875,4.1364990019761345,12,2025-12-01,0,0.0,0,0,65.48333333333333,78.00833333333334,51.1,84.9,44,Nữ,Công chức hành chính,Phú Thọ
KH00108330,0.7326999999999999,0.19445,0.590226636011593,0.17856983627993284,4.133832333729219,12,2025-12-01,0,0.0,0,0,64.19166666666666,74.05,58.6,75.1,66,Nam,Nhà địa chất công trình,Lào Cai
KH00108365,0.6404000000000001,0.1795,0.25763656791405987,0.2630512499612204,5.499215308914927,12,2025-12-01,0,0.0,0,0,66.29166666666667,83.52499999999999,52.8,83.3,15,Nam,Quản lý cơ sở vật chất,Đồng Nai
KH00108370,0.76505,0.2222,0.5938629431258543,0.15844425084748037,4.135166556742356,12,2025-12-01,1,0.08333333333333333,0,0,61.14166666666667,73.93333333333334,51.0,75.0,29,Nam,Chuyên viên trị liệu nghề nghiệp,Bắc Ninh
KH00108405,0.6286,0.1785,0.5610510522377049,0.1846171253862131,5.2158411447237985,12,2025-12-01,0,0.0,0,0,65.49166666666666,78.325,58.5,80.0,52,Nam,Kỹ thuật viên chẩn đoán hình ảnh,Đồng Tháp
KH00108410,0.54095,0.15375,0.4741658792794722,0.25690950661662126,5.903316160331277,12,2025-12-01,0,0.0,0,0,70.68333333333332,82.47500000000001,55.4,83.0,33,Nữ,Kỹ sư dầu khí,Thành phố Hồ Chí Minh
KH00108445,0.53665,0.12705,0.5329761125565395,0.1878026440573241,4.141811099461024,12,2025-12-01,0,0.0,0,0,69.64999999999999,75.71666666666667,64.4,71.5,70,Nữ,Chuyên viên phục chế bảo tàng,Hà Nội
KH00108450,0.5113,0.13585,0.4243451847416666,0.2447981855709202,5.718397377007283,12,2025-12-01,0,0.0,0,0,70.40833333333333,81.50833333333334,57.7,79.5,49,Nữ,Chuyên viên phân tích tình báo,Hà Nội
KH00108485,0.49729999999999996,0.1237,0.46626747736536545,0.19522935588231144,4.814214812922799,12,2025-12-01,0,0.0,0,0,71.05,78.25,55.5,90.1,69,Nam,Kế toán viên tài chính công,Hà Nội
KH00108490,0.80635,0.24730000000000002,0.4202266806828109,0.25912460562301254,5.216745712854225,12,2025-12-01,0,0.0,0,0,60.333333333333336,82.20833333333333,51.8,84.7,35,Nữ,Quản trị viên tổ chức từ thiện,Đắk Lắk
KH00108525,0.44475,0.14475,0.4668881505468889,0.1741242032087612,4.81150661898592,12,2025-12-01,0,0.0,0,0,70.90833333333335,78.71666666666667,66.4,76.5,44,Nam,Bác sĩ đa khoa,Đồng Nai
KH00108530,0.6651,0.2141,0.4480013816992974,0.24616987071041704,5.7192182827860405,12,2025-12-01,0,0.0,0,0,65.43333333333334,82.73333333333333,51.5,80.8,36,Nữ,Chuyên viên kính thuốc,Phú Thọ
KH00108565,0.7478,0.19105,0.42325943011397804,0.18468641957657084,5.212214667494625,12,2025-12-01,0,0.0,0,0,60.65,78.65833333333333,46.4,90.1,17,Nam,Chuyên viên khảo sát nông thôn,Cần Thơ
KH00108570,0.63025,0.1835,0.5627838125185004,0.19863758011986676,4.814214812922799,12,2025-12-01,1,0.08333333333333333,1,0,67.25833333333334,76.55833333333334,52.9,81.0,54,Nam,Quản trị viên giáo dục,Hà Nội
KH00108605,0.7261,0.17415,0.5222166488519066,0.16934974443316855,5.719765179162811,12,2025-12-01,0,0.0,0,0,63.65,79.41666666666667,50.1,82.1,46,Nữ,Cán bộ quan hệ sắc tộc,Đồng Nai
KH00108610,0.7142,0.18059999999999998,0.49801019647304906,0.17142551869635742,4.815566164479798,12,2025-12-01,0,0.0,0,0,66.18333333333334,76.99166666666666,59.5,78.3,44,Nữ,Giáo viên mầm non,Đồng Tháp
KH00108645,0.39485000000000003,0.08635,0.5125160778707096,0.1553747368881639,4.809470649500821,12,2025-12-01,0,0.0,0,0,75.05833333333334,76.55,59.4,85.8,68,Nam,Bác sĩ đa khoa,Thành phố Hồ Chí Minh
KH00108650,0.6459999999999999,0.17105,0.5120463067667589,0.18369129438807905,4.137829674161839,12,2025-12-01,0,0.0,0,0,67.64999999999999,75.29166666666667,56.4,74.6,91,Nữ,Cán bộ ứng phó khẩn cấp,Thành phố Hồ Chí Minh
KH00108685,0.4916,0.12275,0.49434900171721363,0.1600038606335139,4.808111029984782,12,2025-12-01,0,0.0,0,0,71.375,76.2,56.8,79.2,71,Nam,Lập trình viên đa phương tiện,Cần Thơ
KH00108690,0.5222,0.13665,0.4852239987290714,0.199801852701975,5.216293531069446,12,2025-12-01,0,0.0,0,0,68.89999999999999,79.51666666666667,51.9,82.4,50,Nam,Lập trình viên đa phương tiện,Hà Nội
KH00108725,0.6043000000000001,0.13175,0.5180076932474383,0.18512783691665202,5.2158411447237985,12,2025-12-01,0,0.0,0,0,67.27499999999999,79.44166666666666,56.1,82.3,54,Nam,Quản lý di sản,Bắc Ninh
KH00108730,0.7182999999999999,0.1603,0.44256240335591984,0.26029817210966993,5.902405620773717,12,2025-12-01,0,0.0,0,0,61.975,82.14166666666667,55.3,83.2,35,Nữ,Điều dưỡng khuyết tật học tập,Sơn La
KH00108765,0.67225,0.14495,0.26008868356604675,0.2513875220650156,5.901722171607121,12,2025-12-01,0,0.0,0,0,65.46666666666667,83.25,55.6,83.0,20,Nữ,Nhà thiết kế gốm sứ,Đà Nẵng
KH00108770,0.6165,0.2441,0.0697625737305323,0.8204882496325103,2.3978952727983707,1,2025-09-01,0,0.0,0,0,65.0,55.3,65.0,55.3,64,Nữ,Giáo viên tiếng anh,Thành phố Hồ Chí Minh
KH00108805,0.50255,0.13385,0.4167586916437652,0.2166041779147681,4.814890716970161,12,2025-12-01,0,0.0,0,0,74.26666666666667,78.84166666666667,64.7,78.1,39,Nam,Cán bộ quản lý thị trường,Đắk Lắk
KH00108810,0.6884,0.25695,0.594094216339838,0.12813832296440714,4.135166556742356,12,2025-12-01,2,0.16666666666666666,1,0,58.074999999999996,73.55833333333334,51.7,88.0,33,Nam,Kiểm soát viên tài chính,Cần Thơ
KH00108845,0.7765,0.26045,0.44881470659580236,0.24807182346513146,5.720311776607412,12,2025-12-01,0,0.0,0,0,62.09166666666667,82.64166666666667,50.0,82.2,50,Nữ,Chuyên viên trị liệu thảo dược,Thái Nguyên
KH00108850,0.5936999999999999,0.13075,0.5364404005093499,0.1124776294378888,5.213122520484805,12,2025-12-01,0,0.0,0,0,68.55,75.73333333333333,53.2,85.1,50,Nam,Chuyên viên kính thuốc,Thành phố Hồ Chí Minh
KH00108885,0.8540000000000001,0.31720000000000004,0.5592156773057781,0.12812235874060124,4.817589773939326,12,2025-12-01,0,0.0,0,0,59.26666666666667,75.89166666666667,50.6,75.3,78,Nam,Cán bộ giáo dục bảo tàng,Bắc Ninh
KH00108890,0.651,0.1523,0.5484983146210426,0.18688381871124743,5.4995560824741965,12,2025-12-01,0,0.0,0,0,66.14999999999999,79.23333333333333,55.3,76.6,72,Nữ,Nhà thiết kế gốm sứ,Hải Phòng
KH00108925,0.5548500000000001,0.1871,0.500351020670242,0.19737982244453522,5.211760431738461,12,2025-12-01,0,0.0,0,0,64.30833333333332,82.35833333333333,57.4,77.9,36,Nam,Kỹ thuật viên phân tích mẫu khoan,Thành phố Hồ Chí Minh
KH00108930,0.8141499999999999,0.1782,0.5143074843650626,0.20102118495929122,4.131158535344817,12,2025-12-01,0,0.0,0,0,62.458333333333336,74.075,52.3,77.5,93,Nam,Nhà thiết kế triển lãm,An Giang
KH00108965,0.6228,0.1567,0.4722925695338098,0.2617311220150593,5.720038515231207,12,2025-12-01,0,0.0,0,0,64.76666666666667,81.675,53.2,83.5,49,Nam,Cảnh sát,Đắk Lắk
KH00108970,0.6334,0.23959999999999998,0.5655821922297581,0.22890737471292438,5.500577706945823,12,2025-12-01,0,0.0,0,0,64.35833333333333,82.0,50.4,79.1,44,Nữ,Chuyên viên nghiên cứu công đoàn,Hà Nội
KH00109005,0.58765,0.1698,0.4986353114112032,0.20068985640683273,4.133832333729219,12,2025-12-01,0,0.0,0,0,66.77499999999999,73.79166666666667,49.6,72.8,92,Nam,Chuyên viên thu mua bán lẻ,Đắk Lắk
KH00109010,0.5846,0.1211,0.5714035374269026,0.18500809254091716,5.498533413218542,12,2025-12-01,0,0.0,0,0,70.10000000000001,78.54166666666667,57.0,79.4,53,Nam,Kỹ thuật viên kế toán,Hà Nội
KH00109045,0.7835000000000001,0.2559,0.4179379084751526,0.1850184714910469,5.499215308914927,12,2025-12-01,0,0.0,0,0,61.73333333333333,79.21666666666667,52.7,80.6,34,Nam,Nhà trị liệu tâm lý qua chuyển động,Vĩnh Long
KH00109050,0.7046,0.2823,0.1316468072105102,0.8590528567063855,2.3978952727983707,1,2025-02-01,0,0.0,0,0,55.9,57.2,55.9,57.2,62,Nữ,Đạo diễn sân khấu,Thành phố Hồ Chí Minh
KH00109085,0.6637500000000001,0.1501,0.4724612190410299,0.16407641477491344,5.213576138092946,12,2025-12-01,0,0.0,0,0,63.833333333333336,78.21666666666667,50.6,76.5,58,Nam,Cán bộ quản lý chất thải,Quảng Ninh
KH00109090,0.7074,0.20445,0.5506232832757258,0.19213578864367764,5.215388553632117,12,2025-12-01,0,0.0,0,0,62.475,79.875,48.5,84.0,77,Nam,Nhà thiết kế web,Cao Bằng
KH00109125,0.76155,0.23775,0.5475790909150912,0.19476928716063346,4.81014976667463,12,2025-12-01,0,0.0,0,0,61.84166666666667,78.44166666666666,53.6,75.5,72,Nam,Điều dưỡng sức khỏe tâm thần,Quảng Ninh
KH00109130,0.60485,0.12240000000000001,0.5179135801882389,0.1978002476939297,5.500918016630917,12,2025-12-01,0,0.0,0,0,67.58333333333333,79.26666666666667,53.9,83.8,47,Nữ,Nhà nghiên cứu bò sát,An Giang
KH00109165,0.6810499999999999,0.15525,0.5029371120289542,0.1568951486794844,4.812184355372417,12,2025-12-01,0,0.0,0,0,66.875,75.14166666666667,57.4,76.2,51,Nam,Chuyên viên thẩm định bồi thường,Quảng Trị
KH00109170,0.51705,0.13585,0.3783212511972207,0.16982210628525465,5.498533413218542,12,2025-12-01,0,0.0,0,0,71.86666666666666,78.75,60.3,77.1,46,Nam,Quản lý trung tâm thông tin du lịch,Đồng Nai
KH00109205,0.57065,0.11405000000000001,0.4938352124985529,0.1363312397566102,4.812184355372417,12,2025-12-01,0,0.0,0,0,70.8,76.03333333333333,61.6,80.1,59,Nam,Kỹ thuật viên xạ trị,Thành phố Hồ Chí Minh
KH00109210,0.70405,0.17980000000000002,0.5276352871468908,0.14896601013424332,5.902177856281217,12,2025-12-01,0,0.0,0,0,64.56666666666666,78.15833333333333,52.0,78.9,38,Nữ,Nhà môi giới bảo hiểm,Lâm Đồng
KH00109245,0.6574,0.13965,0.4275447104734639,0.23587156699894013,5.2158411447237985,12,2025-12-01,0,0.0,0,0,65.04166666666667,81.89999999999999,59.3,75.1,35,Nam,Nhà thiết kế trang sức,Lào Cai
KH00109250,0.6072,0.1488,0.5144830669802786,0.2053410299143285,4.133832333729219,12,2025-12-01,0,0.0,0,0,68.38333333333333,73.88333333333334,57.0,75.0,63,Nữ,Nhà khoa học sinh lý,Cà Mau
KH00109285,0.49234999999999995,0.16494999999999999,0.4796135465872141,0.18463263067436364,5.72194977861165,12,2025-12-01,0,0.0,0,0,67.425,79.675,50.8,85.5,46,Nữ,Chuyên viên phân tích đầu tư,Hưng Yên
KH00109290,0.65985,0.2061,0.5669814480362461,0.1623162968883404,5.4995560824741965,12,2025-12-01,0,0.0,0,0,66.01666666666667,77.45,52.4,75.3,55,Nam,Chuyên viên giám định rủi ro bảo hiểm,Lâm Đồng
KH00109325,0.64345,0.12925,0.5316267814899529,0.16927211314289387,5.501598288765995,12,2025-12-01,0,0.0,0,0,65.89999999999999,79.45,56.5,78.8,54,Nữ,Lập trình viên hệ thống,Thành phố Hồ Chí Minh
KH00109330,0.33725,0.0889,0.5233493127599846,0.18514119591085793,4.133832333729219,12,2025-12-01,0,0.0,0,0,76.39999999999999,74.25833333333334,66.2,80.1,59,Nữ,Luật sư,Thành phố Hồ Chí Minh
KH00109365,0.5493,0.1326,0.472619283629709,0.2060716952953488,4.8060681283549815,12,2025-12-01,0,0.0,0,0,68.80833333333334,78.55,51.7,84.6,62,Nam,Quản lý trung tâm thông tin du lịch,Cà Mau
KH00109370,0.7282,0.2409,0.4978312980549249,0.19099884370443945,5.209030675721271,12,2025-12-01,0,0.0,0,0,62.9,79.02499999999999,47.8,84.3,51,Nam,Giáo viên giáo dục đặc biệt,Thái Nguyên
KH00109405,0.79525,0.18175,0.5573578258126926,0.21823298475069608,4.133832333729219,12,2025-12-01,2,0.16666666666666666,1,0,57.55833333333334,74.16666666666667,14.1,84.9,53,Nam,Nhà thiết kế sản phẩm,Đà Nẵng
KH00109410,0.6445,0.1471,0.45722988658549246,0.16454414525835215,4.812861632743379,12,2025-12-01,0,0.0,0,0,65.73333333333333,77.76666666666667,53.5,79.3,56,Nữ,Thủ thư học thuật,Thanh Hóa
KH00109445,0.52845,0.11505,0.525001515876399,0.176205682618603,5.497851052223113,12,2025-12-01,0,0.0,0,0,69.91666666666667,80.3,50.3,95.4,45,Nam,Kỹ sư khai thác mỏ,Huế
KH00109450,0.76015,0.18514999999999998,0.39122382037480025,0.18242513304815688,4.137829674161839,12,2025-12-01,0,0.0,0,0,66.95,73.65833333333333,55.4,76.3,38,Nam,Chuyên viên thuế cấp cao,Sơn La
KH00109485,0.5838,0.1283,0.0902864224579107,0.797418491039962,2.4849066497880004,1,2025-02-01,0,0.0,0,0,68.3,52.4,68.3,52.4,77,Nam,Chuyên viên làm vườn thương mại,Lào Cai
KH00109490,0.52915,0.15050000000000002,0.4776009487322916,0.16272015488203595,5.211760431738461,12,2025-12-01,0,0.0,0,0,68.35000000000001,77.30833333333334,54.4,78.7,56,Nữ,Nhà khoa học sinh lý,Hải Phòng
KH00109525,0.6813,0.18035,0.5231535996280687,0.17265895764212902,4.815566164479798,12,2025-12-01,0,0.0,0,0,65.79166666666667,77.05,56.4,79.6,85,Nữ,Chuyên viên khảo sát công trình,Hưng Yên
KH00109530,0.4783,0.09605,0.5579277140631267,0.19119274775004752,5.214482756468736,12,2025-12-01,0,0.0,0,0,72.20833333333333,78.45833333333333,53.3,77.9,34,Nữ,Luật sư tranh tụng,Nghệ An
KH00109565,0.39354999999999996,0.12455,0.601853655688287,0.14090258528693328,4.131158535344817,12,2025-12-01,0,0.0,0,0,74.71666666666667,70.95833333333333,50.9,74.8,54,Nam,Giám đốc chiến lược,Đắk Lắk
KH00109570,0.54305,0.18045,0.524445870505414,0.14328786096814589,4.809470649500821,12,2025-12-01,0,0.0,0,0,69.75,74.775,50.8,74.8,90,Nam,Quản lý sân khấu,Thành phố Hồ Chí Minh
KH00109605,0.6678999999999999,0.22555,0.564397988221696,0.22824310180861884,4.1364990019761345,12,2025-12-01,1,0.08333333333333333,1,0,64.53333333333333,75.825,52.9,76.9,74,Nữ,Nhà tâm lý học thể thao,Nghệ An
KH00109610,0.71485,0.1778,0.46784160774933287,0.19098729050095145,5.722222518283326,12,2025-12-01,0,0.0,0,0,62.74166666666667,80.45833333333333,52.1,80.2,25,Nữ,Chuyên viên khảo sát công trình,Nghệ An
KH00109645,0.48945000000000005,0.1142,0.44501945291463485,0.2380115065633524,5.213576138092946,12,2025-12-01,0,0.0,0,0,69.4,81.48333333333333,64.2,79.1,23,Nữ,Nhà khoa học địa chất,Bắc Ninh
KH00109650,0.5198499999999999,0.19645,0.39453082050993354,0.1829320899656645,5.5002372814106195,12,2025-12-01,0,0.0,0,0,71.79166666666667,79.40833333333333,61.5,79.4,32,Nam,Kỹ sư đóng tàu,Lâm Đồng
KH00109685,0.75995,0.19835,0.5316581351247731,0.17536116428405224,5.5019382513733825,12,2025-12-01,0,0.0,0,0,62.125,78.725,52.6,76.6,37,Nữ,Kiểm lâm,Hưng Yên
KH00109690,0.65495,0.214,0.46064012064375337,0.19866024327474863,5.498192290922892,12,2025-12-01,0,0.0,0,0,62.74166666666667,79.55833333333334,47.7,77.0,31,Nữ,Chuyên viên công nghệ chăn nuôi,Hà Nội
KH00109725,0.6811,0.1494,0.1786674707042391,0.7323777238130939,2.302585092994046,1,2025-10-01,0,0.0,0,0,64.0,54.4,64.0,54.4,80,Nam,Nhà thiết kế đồ gỗ,Nghệ An
KH00109730,0.7918000000000001,0.1912,0.46506853824013134,0.23916134690023785,4.127134385045092,12,2025-12-01,0,0.0,0,0,64.69166666666666,75.10000000000001,57.1,80.4,29,Nữ,Chuyên viên thẩm định bồi thường,Huế
KH00109765,0.8080499999999999,0.18185,0.5796694332356137,0.2089945390429111,5.494774652599741,12,2025-12-01,0,0.0,0,0,64.48333333333333,79.26666666666667,53.8,80.5,52,Nữ,Nhà thiết kế sản phẩm công nghiệp,Phú Thọ
KH00109770,0.6817500000000001,0.25195,0.5092223948085541,0.1463641824459648,5.498192290922892,12,2025-12-01,0,0.0,0,0,61.74166666666667,77.68333333333334,47.4,75.5,30,Nữ,Nhà biên soạn từ điển,Lâm Đồng
KH00109805,0.7807999999999999,0.1948,0.40213829629143866,0.1740065654069415,5.2158411447237985,12,2025-12-01,0,0.0,0,0,64.69166666666666,78.74166666666666,56.3,77.7,49,Nam,Nghệ nhân thổi thủy tinh,Khánh Hòa
KH00109810,0.6025,0.1334,0.0997023218892637,0.8973738175563934,2.1972245773362196,1,2025-01-01,0,0.0,0,0,64.6,56.7,64.6,56.7,23,Nữ,Sĩ quan kỹ thuật quân đội,Thành phố Hồ Chí Minh
KH00109845,0.6265499999999999,0.22705,0.47860529038398447,0.20421971903686764,4.131158535344817,12,2025-12-01,0,0.0,0,0,66.44166666666666,76.25,53.8,73.9,58,Nam,Cán bộ bảo tồn thiên nhiên,Thành phố Hồ Chí Minh
KH00109850,0.6836,0.15375,0.5892941108927694,0.1770810285576916,5.212668697014343,12,2025-12-01,0,0.0,0,0,66.05833333333334,79.425,58.7,78.8,41,Nữ,Chuyên viên viết nội dung quảng cáo,Thành phố Hồ Chí Minh
KH00109885,0.45735000000000003,0.08979999999999999,0.5173507225715823,0.18084198694427178,4.815566164479798,12,2025-12-01,0,0.0,0,0,72.88333333333334,78.08333333333333,56.0,83.5,62,Nữ,Giảng viên giáo dục thường xuyên,Hưng Yên
KH00109890,0.80585,0.19285,0.503692504104224,0.1621220131058188,5.720858075446456,12,2025-12-01,0,0.0,0,0,59.51666666666667,80.18333333333332,51.2,83.5,31,Nam,Trợ lý phát thanh,Đồng Nai
KH00109925,0.7248,0.2294,0.5205962644251982,0.189764962550693,5.717575796788537,12,2025-12-01,0,0.0,0,0,61.9,80.825,49.4,80.4,26,Nam,Thầy thuốc đông y,Gia Lai
KH00109930,0.73585,0.22010000000000002,0.5092546701537042,0.21078038549106254,4.813538451720147,12,2025-12-01,0,0.0,0,0,62.40833333333333,79.90833333333333,50.8,85.6,52,Nam,Nhà thiết kế sản phẩm công nghiệp,Nghệ An
KH00109965,0.75845,0.1587,0.4852784946731114,0.2526062736483242,5.216293531069446,12,2025-12-01,0,0.0,0,0,64.70833333333333,81.78333333333333,56.3,82.8,37,Nữ,Chuyên viên hoạt hình,Đắk Lắk
KH00109970,0.7899,0.2506,0.5566740242306696,0.19063471266179965,4.810828422961282,12,2025-12-01,1,0.08333333333333333,0,0,56.525,77.71666666666667,50.2,78.0,85,Nữ,Quản trị viên tổ chức từ thiện,Ninh Bình
KH00110005,0.5007,0.11005000000000001,0.5072511095322028,0.25077280942178704,5.213576138092946,12,2025-12-01,0,0.0,0,0,70.1,81.21666666666667,58.9,80.2,71,Nữ,Kỹ sư bảo trì,Quảng Ngãi
KH00110010,0.6030500000000001,0.2237,0.42095087113391016,0.2537824113851856,4.1404857182199555,12,2025-12-01,0,0.0,0,0,65.19166666666666,77.95833333333333,54.4,79.3,43,Nữ,Người dẫn chương trình phát sóng,Thành phố Hồ Chí Minh
KH00110045,0.6248,0.18605,0.39954052366349946,0.15999764160577934,5.214029550025447,12,2025-12-01,0,0.0,0,0,67.71666666666667,78.79166666666667,53.4,77.9,37,Nam,Quản trị viên,Vĩnh Long
KH00110050,0.56515,0.11385,0.48837290189869154,0.23648960360235505,4.132496328186477,12,2025-12-01,0,0.0,0,0,70.35833333333333,75.96666666666667,62.6,78.9,50,Nữ,Quản lý môi trường,Đồng Tháp
KH00110085,0.6627000000000001,0.16285,0.45167276296678155,0.181308770510298,4.81150661898592,12,2025-12-01,0,0.0,0,0,65.72500000000001,78.93333333333334,60.7,74.8,92,Nữ,Quản lý sản phẩm,Đà Nẵng
KH00110090,0.7526999999999999,0.1528,0.5445540562843123,0.1593241860326444,5.212668697014343,12,2025-12-01,0,0.0,0,0,63.5,78.925,48.7,78.6,47,Nữ,Chuyên viên khảo sát mỏ,Quảng Ngãi
KH00110125,0.6137,0.22815,0.49399706240048197,0.12048767487395351,5.213576138092946,12,2025-12-01,0,0.0,0,0,66.3,76.80833333333334,50.3,76.2,72,Nam,Đạo diễn sân khấu,Đồng Nai
KH00110130,0.55275,0.12535,0.5183696496015835,0.15465030203497687,4.812184355372417,12,2025-12-01,0,0.0,0,0,69.75,75.625,58.5,76.2,57,Nữ,Nhà khoa học thính học,Hưng Yên
KH00110165,0.66015,0.1513,0.5100851193827851,0.22025018313298306,5.213122520484805,12,2025-12-01,0,0.0,0,0,67.69166666666666,80.51666666666667,58.7,78.8,89,Nữ,Quản lý mỏ đá,Cần Thơ
KH00110170,0.79295,0.19345,0.4686475868390565,0.1948983584627697,5.217197690263049,12,2025-12-01,1,0.08333333333333333,1,0,57.39166666666667,80.14999999999999,36.3,84.6,34,Nữ,Trợ lý chính trị gia,Đà Nẵng
KH00110205,0.77545,0.15025,0.4120515056560204,0.2241340749752198,5.4961431098779565,12,2025-12-01,0,0.0,0,0,64.40833333333333,81.73333333333333,54.7,81.2,40,Nữ,Biên tập viên hiệu đính,Lai Châu
KH00110210,0.4149,0.1359,0.5526766557267316,0.14615859715053015,4.806749559386461,12,2025-12-01,0,0.0,0,0,72.14999999999999,76.03333333333333,51.2,87.8,53,Nữ,Kỹ sư khai thác mỏ,Hà Nội
KH00110245,0.5598,0.1488,0.1179207099015278,0.7341660603949135,2.5649493574615367,1,2025-03-01,0,0.0,0,0,68.9,53.1,68.9,53.1,24,Nam,Chuyên viên thông tin hướng nghiệp,Cần Thơ
KH00110250,0.6212500000000001,0.1308,0.530794417303941,0.19429607535604754,5.498874419189451,12,2025-12-01,0,0.0,0,0,68.47500000000001,80.46666666666667,59.0,81.8,55,Nam,Chuyên viên vẽ bản đồ,Hà Nội
KH00110285,0.6298,0.2142,0.11690885072655215,0.869526958867723,1.7047480922384253,2,2025-11-01,0,0.0,0,0,60.9,49.25,70.6,46.0,51,Nữ,Quản lý bán lẻ,Hải Phòng
KH00110290,0.5032,0.10189999999999999,0.4476796683762291,0.25636299014705366,5.211305989558407,12,2025-12-01,0,0.0,0,0,72.71666666666667,82.18333333333334,62.9,83.5,37,Nữ,Lập trình viên đa phương tiện,Ninh Bình
KH00110325,0.45635000000000003,0.17665,0.5602811986015828,0.20181169932605286,5.500577706945823,12,2025-12-01,0,0.0,0,0,70.39999999999999,79.8,58.5,81.0,75,Nam,Kỹ sư y sinh,Quảng Ninh
KH00110330,0.8379000000000001,0.1852,0.4586124988925785,0.20764426222591564,5.722222518283326,12,2025-12-01,0,0.0,0,0,61.09166666666667,81.39166666666667,51.1,83.0,45,Nam,Nhà thiết kế gốm sứ,Hưng Yên
KH00110365,0.66275,0.26395,0.5032893673494494,0.16163525306425255,5.212214667494625,12,2025-12-01,0,0.0,0,0,61.28333333333333,78.21666666666667,42.4,84.7,33,Nam,Cán bộ quản chế,Thành phố Hồ Chí Minh
KH00110370,0.5586500000000001,0.11535000000000001,0.37986205944819096,0.1982976799013664,4.137829674161839,12,2025-12-01,0,0.0,0,0,71.675,73.59166666666667,63.0,78.4,38,Nam,Kỹ sư dầu khí,Hà Nội
KH00110405,0.67775,0.14115,0.49423043977097547,0.13911470586948366,4.813538451720147,12,2025-12-01,0,0.0,0,0,64.36666666666666,77.11666666666666,54.9,74.6,32,Nữ,Chuyên viên trị liệu âm nhạc,Tây Ninh
KH00110410,0.79505,0.31665,0.5752266851616352,0.1397195498712417,4.135166556742356,12,2025-12-01,0,0.0,0,0,60.56666666666667,71.09166666666667,47.6,75.7,34,Nữ,Cán bộ giáo dục cộng đồng,Cần Thơ
KH00110445,0.6168,0.1632,0.46113592137964726,0.16466109926349987,4.133832333729219,12,2025-12-01,0,0.0,0,0,67.2,73.075,49.8,78.0,86,Nữ,Giáo viên tiểu học,Thanh Hóa
KH00110450,0.6817,0.1861,0.48299326920444546,0.18662908030943237,5.214482756468736,12,2025-12-01,0,0.0,0,0,63.90833333333333,78.36666666666666,52.0,80.1,75,Nữ,Chuyên viên lưu trữ,Thái Nguyên
KH00110485,0.8517,0.30725,0.43444448554467785,0.1992863579176291,4.1364990019761345,12,2025-12-01,3,0.25,2,0,42.31666666666666,73.96666666666667,9.2,81.5,66,Nữ,Người dẫn chương trình phát sóng,Lâm Đồng
KH00110490,0.4689,0.17375000000000002,0.5502278267396086,0.18909360940972159,5.214482756468736,12,2025-12-01,0,0.0,0,0,69.44166666666666,79.89999999999999,52.2,79.5,67,Nam,Thư ký luật sư tranh tụng,Sơn La
KH00110525,0.46425,0.09905,0.49864257450531513,0.20391462978665345,5.498533413218542,12,2025-12-01,0,0.0,0,0,72.01666666666667,80.65833333333333,59.7,79.0,71,Nữ,Kỹ sư sản xuất,Ninh Bình
KH00110530,0.46505,0.14140000000000003,0.5003134342295329,0.1858828476701871,4.814214812922799,12,2025-12-01,0,0.0,0,0,71.64166666666667,77.78333333333333,71.3,75.0,48,Nữ,Nhà khoa học thính học,Cà Mau
KH00110565,0.62965,0.1379,0.4945606949231338,0.251308599850393,4.1364990019761345,12,2025-12-01,0,0.0,0,0,67.225,75.65833333333333,55.4,81.9,59,Nam,Quản lý sản xuất,An Giang
KH00110570,0.6822,0.2054,0.4982318532159241,0.2027867857945247,5.496826636903886,12,2025-12-01,0,0.0,0,0,63.425000000000004,80.22500000000001,53.5,85.5,76,Nam,Chuyên viên an toàn lao động,Thành phố Hồ Chí Minh
KH00110605,0.82845,0.21205000000000002,0.38585022577638095,0.18553113402985966,5.499215308914927,12,2025-12-01,0,0.0,0,0,63.55833333333334,79.50833333333334,55.6,80.4,31,Nam,Nhân viên giao dịch,Hưng Yên
KH00110610,0.6578999999999999,0.13435,0.4903342700149801,0.2314516052185741,5.4975096970397335,12,2025-12-01,0,0.0,0,0,66.575,81.23333333333333,54.8,85.3,43,Nam,Nhân viên cứu trợ,Thành phố Hồ Chí Minh
KH00110645,0.39625,0.11305,0.520998675744713,0.2197292815163116,5.4995560824741965,12,2025-12-01,0,0.0,0,0,73.875,81.27499999999999,66.7,81.4,37,Nữ,Nhà khoa học nghiên cứu khoa học sự sống,Thành phố Hồ Chí Minh
KH00110650,0.5102,0.1057,0.060418408656274,0.7330844185411165,2.1972245773362196,1,2025-02-01,0,0.0,0,0,71.4,54.5,71.4,54.5,54,Nam,Bác sĩ thú y,Thanh Hóa
KH00110685,0.4152,0.08465,0.5731050496862644,0.13988964719920086,4.1364990019761345,12,2025-12-01,0,0.0,0,0,74.23333333333333,72.0,49.4,86.6,41,Nữ,Luật sư tranh tụng,Thành phố Hồ Chí Minh
KH00110690,0.5098,0.09745000000000001,0.5318376717088236,0.12434303222483531,4.137829674161839,12,2025-12-01,0,0.0,0,0,71.60833333333333,70.85000000000001,69.6,75.4,25,Nữ,Nhà khoa học dữ liệu,Hà Nội
KH00110725,0.551,0.1825,0.5657897727117147,0.17702114864454194,5.498533413218542,12,2025-12-01,0,0.0,0,0,68.93333333333334,79.39999999999999,57.6,81.5,47,Nam,Nhà khoa học biển,Bắc Ninh
KH00110730,0.6708,0.2073,0.1383376689150302,0.531532724049817,2.3978952727983707,1,2025-08-01,0,0.0,0,0,63.6,53.9,63.6,53.9,59,Nữ,Cán bộ thử nghiệm hiện trường,Quảng Ngãi
KH00110765,0.7479,0.1474,0.113565068967108,0.7168696467838416,2.772588722239781,1,2025-08-01,0,0.0,0,0,61.3,58.4,61.3,58.4,22,Nam,Cảnh sát,Lạng Sơn
KH00110770,0.8251,0.1803,0.5460994137083728,0.2096144316488316,5.210396485175567,12,2025-12-01,0,0.0,0,0,63.56666666666666,79.15833333333333,56.0,80.7,58,Nữ,Quản trị viên cơ sở dữ liệu,Lạng Sơn
KH00110805,0.6173,0.2006,0.5167662163852553,0.15241595876644395,5.498874419189451,12,2025-12-01,0,0.0,0,0,66.05833333333334,77.54166666666667,50.7,77.3,48,Nữ,Giáo viên giáo dục đặc biệt,Tây Ninh
KH00110810,0.6772,0.13390000000000002,0.5006906081258535,0.23756713352904918,5.721131112990814,12,2025-12-01,0,0.0,0,0,63.30833333333333,82.22500000000001,56.6,78.9,27,Nam,Chuyên viên mua quảng cáo,An Giang
KH00110845,0.785,0.14689999999999998,0.4740354999592779,0.13784037731496704,4.133832333729219,12,2025-12-01,0,0.0,0,0,65.09166666666667,71.27499999999999,52.4,77.0,86,Nữ,Cán bộ triển lãm bảo tàng,Khánh Hòa
KH00110850,0.77805,0.1532,0.47389823968641276,0.190976125767025,5.499896739946406,12,2025-12-01,0,0.0,0,0,62.175000000000004,80.18333333333334,50.3,82.7,42,Nam,Chuyên viên truyền thông sức khỏe,Cần Thơ
KH00110885,0.5792,0.18585000000000002,0.4303259952808251,0.28905192799106694,5.212214667494625,12,2025-12-01,0,0.0,0,0,68.925,83.375,60.5,84.9,39,Nữ,Chuyên viên làm vườn thương mại,An Giang
KH00110890,0.481,0.09765,0.49013498163460667,0.13909207377506605,4.132496328186477,12,2025-12-01,0,0.0,0,0,69.14166666666667,73.53333333333333,51.5,77.8,38,Nữ,Nhà khoa học thính học,Lào Cai
KH00110925,0.8538,0.2286,0.135831052014079,0.8807587016034415,2.4849066497880004,1,2025-03-01,0,0.0,0,0,52.6,55.1,52.6,55.1,93,Nam,Giáo viên tiếng anh,Hà Tĩnh
KH00110930,0.636,0.14945,0.5132001992763957,0.2590480502532865,5.722767774567282,12,2025-12-01,0,0.0,0,0,64.40833333333333,82.30833333333334,51.8,85.6,32,Nữ,Chuyên viên trắc địa,Thanh Hóa
KH00110965,0.56045,0.14305,0.5112317412996928,0.16799216159558444,5.213122520484805,12,2025-12-01,0,0.0,0,0,68.50833333333334,78.14999999999999,52.6,82.5,54,Nữ,Kỹ thuật viên sản xuất bia,Hà Nội
KH00110970,0.5592,0.17585,0.4002195392559127,0.22808807127631975,4.132496328186477,12,2025-12-01,1,0.08333333333333333,1,0,64.95833333333333,75.35000000000001,48.0,83.5,22,Nam,Nhà tâm lý học giáo dục,Thành phố Hồ Chí Minh
KH00111005,0.5717000000000001,0.13090000000000002,0.4936612601407465,0.2161837403369643,5.214482756468736,12,2025-12-01,0,0.0,0,0,70.3,80.675,57.7,79.1,28,Nữ,Quản lý nông trại,Nghệ An
KH00111010,0.58225,0.13995000000000002,0.4852585921430464,0.19100687419566537,4.816241156068032,12,2025-12-01,0,0.0,0,0,68.75,77.77499999999999,58.3,74.3,57,Nam,Kỹ sư cơ điện công trình,Huế
KH00111045,0.7394499999999999,0.2474,0.6133586035119334,0.15287151386454134,4.1298189504157605,12,2025-12-01,0,0.0,0,0,65.24166666666666,71.85000000000001,58.3,75.1,91,Nữ,Chuyên viên sinh lý vận động,Thái Nguyên
KH00111050,0.75085,0.19415,0.5421857171899362,0.18996823596842338,5.501258210544727,12,2025-12-01,0,0.0,0,0,64.10833333333333,80.58333333333333,53.3,79.8,49,Nữ,Nhà địa chất công trình,Quảng Ninh
KH00111085,0.5112,0.1012,0.2225098787300722,0.6712204600792668,2.639057329615259,1,2025-02-01,0,0.0,0,0,73.2,50.5,73.2,50.5,24,Nữ,Cán bộ quản lý thị trường,Vĩnh Long
KH00111090,0.4737,0.10114999999999999,0.41699117947966213,0.16973814024264616,4.816241156068032,12,2025-12-01,0,0.0,0,0,73.49166666666666,77.825,65.7,80.1,38,Nam,Nhà khoa học thính học,Hà Nội
KH00111125,0.57635,0.11674999999999999,0.5149700323016843,0.16251082255492938,4.1364990019761345,12,2025-12-01,0,0.0,0,0,66.95,72.36666666666666,53.4,75.5,49,Nữ,Quản lý nhà hàng thức ăn nhanh,Phú Thọ
KH00111130,0.6737,0.18364999999999998,0.5318776859753027,0.197393173479741,5.216745712854225,12,2025-12-01,0,0.0,0,0,66.64166666666667,79.25833333333334,50.4,78.1,55,Nữ,Chuyên viên phân tích hệ thống,Hải Phòng
KH00111165,0.62935,0.1864,0.5183364964295052,0.19100566671272007,5.216745712854225,12,2025-12-01,0,0.0,0,0,65.10000000000001,79.19166666666666,49.7,80.2,60,Nam,Chuyên viên tư vấn nông nghiệp,Đà Nẵng
KH00111170,0.72895,0.2272,0.4914120605463932,0.12059620914217045,4.814890716970161,12,2025-12-01,0,0.0,0,0,62.63333333333333,74.83333333333333,47.9,77.4,54,Nữ,Nhà địa chất hiện trường,Lâm Đồng
KH00111205,0.74815,0.23745,0.3730850915302368,0.1826248681268468,5.501258210544727,12,2025-12-01,0,0.0,0,0,64.25833333333334,79.14999999999999,54.3,80.1,46,Nam,Nhà thiết kế triển lãm,Đà Nẵng
KH00111210,0.5743,0.1265,0.2562704926591901,0.7456195309399996,2.0794415416798357,1,2025-04-01,0,0.0,0,0,70.0,47.8,70.0,47.8,56,Nữ,Quản lý kho,Hà Nội
KH00111245,0.7037,0.15375,0.5180712496302904,0.1386280736032546,4.81150661898592,12,2025-12-01,0,0.0,0,0,66.00833333333334,76.76666666666667,57.7,75.6,54,Nam,Chuyên viên vật lý trị liệu,Phú Thọ
KH00111250,0.7428,0.22275,0.5102084269809551,0.19927210873754944,4.1244425933793805,12,2025-12-01,0,0.0,0,0,65.175,74.93333333333334,41.5,76.7,35,Nữ,Cán bộ thử nghiệm hiện trường,Cần Thơ
KH00111285,0.6728000000000001,0.18314999999999998,0.47281939375033805,0.1852092665823537,4.133832333729219,12,2025-12-01,1,0.08333333333333333,1,0,64.35833333333333,75.53333333333335,57.1,76.4,25,Nam,Chuyên viên hoạch định quảng cáo,Thành phố Hồ Chí Minh
KH00111290,0.36060000000000003,0.097,0.4983559988184969,0.1879067525391345,5.212668697014343,12,2025-12-01,0,0.0,0,0,75.60833333333333,80.46666666666667,70.7,79.5,30,Nam,Bác sĩ phẫu thuật,Thành phố Hồ Chí Minh
KH00111325,0.4372,0.09495,0.5814491187697958,0.21426315439007715,4.813538451720147,12,2025-12-01,0,0.0,0,0,73.84166666666667,80.52499999999999,71.5,77.2,29,Nam,Nhà khoa học y sinh,Thành phố Hồ Chí Minh
KH00111330,0.7142999999999999,0.1499,0.444676927188437,0.1955537466668617,5.213122520484805,12,2025-12-01,0,0.0,0,0,63.775,78.50833333333334,57.5,79.5,84,Nam,Giáo viên trung học,Thành phố Hồ Chí Minh
KH00111365,0.66425,0.15095,0.22414783808513533,0.649671160075302,1.7047480922384253,2,2025-05-01,0,0.0,0,0,67.25,47.5,57.7,43.0,64,Nam,Nhà báo phát thanh truyền hình,Hà Nội
KH00111370,0.7752,0.22825,0.39498298706357915,0.1934415939640336,4.132496328186477,12,2025-12-01,0,0.0,0,0,64.79166666666667,74.20833333333333,56.9,82.7,29,Nam,Chuyên viên pháp lý nhà đất,Ninh Bình
KH00111405,0.68475,0.158,0.4571485504711702,0.1762097287069376,5.211760431738461,12,2025-12-01,0,0.0,0,0,66.14166666666667,79.38333333333334,56.1,78.4,81,Nữ,Quản lý trường quay,Gia Lai
KH00111410,0.6559999999999999,0.24480000000000002,0.5610956525872506,0.1929119478590654,4.81014976667463,12,2025-12-01,0,0.0,0,0,63.875,77.60000000000001,53.6,80.5,64,Nam,Nhà sản xuất phát thanh,Ninh Bình
KH00111445,0.66905,0.18405,0.5134211516292497,0.1761574372848423,4.809470649500821,12,2025-12-01,0,0.0,0,0,64.89166666666667,77.425,54.2,77.9,68,Nam,Nhà thiết kế nội thất,Cần Thơ
KH00111450,0.4902,0.1346,0.1395951417004048,0.6032729597272534,2.3978952727983707,1,2025-01-01,0,0.0,0,0,70.6,55.4,70.6,55.4,20,Nam,Kỹ sư cơ điện công trình,Đà Nẵng
KH00111485,0.6409,0.15985,0.5199445426833209,0.1936800577244018,4.814214812922799,12,2025-12-01,0,0.0,0,0,66.77499999999999,77.74166666666666,58.5,76.1,52,Nữ,Cán bộ quản chế,Thành phố Hồ Chí Minh
KH00111490,0.4536,0.13545000000000001,0.4871148477713685,0.17408498253970556,4.139158578011894,12,2025-12-01,0,0.0,0,0,71.48333333333333,73.16666666666667,71.8,76.7,75,Nam,Kỹ sư mạng,Cần Thơ
KH00111525,0.87775,0.1759,0.2543939131151609,0.2599043337735545,5.216293531069446,12,2025-12-01,0,0.0,0,0,62.258333333333326,82.59166666666667,54.9,84.3,23,Nữ,Cán bộ bảo tồn công trình di tích,Đà Nẵng
KH00111530,0.78865,0.27115,0.5562645648092461,0.1764364120531568,5.497851052223113,12,2025-12-01,0,0.0,0,0,61.35,79.03333333333333,50.7,78.6,66,Nữ,Nhà vật lý y khoa,Đồng Tháp
KH00111565,0.7727999999999999,0.17345,0.529288461642075,0.15286420389796934,4.816241156068032,12,2025-12-01,0,0.0,0,0,63.25,77.81666666666666,54.5,81.6,64,Nam,Nhà sản xuất truyền hình,Lâm Đồng
KH00111570,0.7121,0.16444999999999999,0.5291008333215617,0.16098596890008365,5.213576138092946,12,2025-12-01,0,0.0,0,0,66.16666666666667,77.95833333333333,57.0,78.5,65,Nữ,Họa sĩ minh họa,Cần Thơ
KH00111605,0.7602,0.1518,0.5186016709539227,0.1672645263042593,4.812861632743379,12,2025-12-01,0,0.0,0,0,64.53333333333333,77.08333333333333,49.1,84.3,33,Nữ,Chuyên viên vật lý trị liệu,Ninh Bình
KH00111610,0.7197,0.20085,0.5507131909070454,0.18953222190514285,5.211760431738461,12,2025-12-01,0,0.0,0,0,62.49166666666667,78.85000000000001,42.6,82.4,47,Nam,Chuyên viên trị liệu nghệ thuật,Đà Nẵng
KH00111645,0.72255,0.22915000000000002,0.24400377643228235,0.3035778296120435,5.214935757608986,12,2025-12-01,0,0.0,0,0,63.50833333333333,83.825,53.0,82.1,25,Nam,Chuyên viên trị liệu bằng làm vườn,Gia Lai
KH00111650,0.5004000000000001,0.1355,0.5472409576216407,0.18448747707226695,5.214935757608986,12,2025-12-01,0,0.0,0,0,68.575,78.99166666666666,58.8,79.2,34,Nữ,Nhà khoa học y sinh,Tuyên Quang
KH00111685,0.82405,0.15335,0.5772710128676473,0.1752613500704186,5.501258210544727,12,2025-12-01,0,0.0,0,0,64.33333333333333,79.60000000000001,57.5,78.6,80,Nữ,Cán bộ bình đẳng và đa dạng,Thanh Hóa
KH00111690,0.6142,0.2125,0.0029022956222147,0.7540257648953301,1.9459101490553132,1,2025-10-01,0,0.0,0,0,64.4,50.9,64.4,50.9,22,Nữ,Chuyên viên dự toán xây dựng,Đồng Tháp
KH00111725,0.7,0.24845,0.3859873026121627,0.173413181548964,5.502278098445473,12,2025-12-01,0,0.0,0,0,64.10833333333333,79.00833333333334,52.3,79.1,42,Nam,Thư ký hành chính,Thành phố Hồ Chí Minh
KH00111730,0.45299999999999996,0.09709999999999999,0.5118285578086147,0.15893971008266672,5.214482756468736,12,2025-12-01,0,0.0,0,0,71.77499999999999,77.49166666666666,54.0,77.8,56,Nam,Dược sĩ cộng đồng,Quảng Ninh
KH00111765,0.844,0.2815,0.521133522709788,0.2416028490355548,5.721404076006021,12,2025-12-01,0,0.0,0,0,57.975,83.10833333333333,44.6,82.3,25,Nam,Thanh tra công trình di tích,Ninh Bình
KH00111770,0.7215,0.1535,0.44428709496938357,0.16449400052904128,4.812184355372417,12,2025-12-01,0,0.0,0,0,66.43333333333334,78.91666666666667,56.6,79.2,61,Nữ,Nhân viên phát triển cộng đồng,Bắc Ninh
KH00111805,0.69275,0.1395,0.4259670155563484,0.13812966467623894,4.812861632743379,12,2025-12-01,0,0.0,0,0,66.91666666666667,77.05833333333334,57.4,75.8,60,Nữ,Chuyên viên vệ sinh lao động,Hà Nội
KH00111810,0.5943,0.15510000000000002,0.34447439212686964,0.19177481182444966,4.132496328186477,12,2025-12-01,0,0.0,0,0,70.02499999999999,72.99166666666666,64.3,77.2,39,Nam,Quản lý nông trại,Đồng Tháp
KH00111845,0.8413999999999999,0.2167,0.5797149579412506,0.2329924384307976,4.81014976667463,12,2025-12-01,0,0.0,0,0,59.1,79.34166666666667,44.0,86.9,51,Nam,Nhân viên nghệ thuật cộng đồng,Hà Tĩnh
KH00111850,0.87995,0.17975,0.5054809969745903,0.21042028730662643,4.814214812922799,12,2025-12-01,3,0.25,3,0,56.708333333333336,80.65833333333333,37.6,80.4,43,Nam,Thư ký công ty,Hưng Yên
KH00111885,0.5727,0.1482,0.1638892914070424,0.5805401669769152,2.302585092994046,1,2025-05-01,0,0.0,0,0,66.4,46.7,66.4,46.7,58,Nam,Chuyên viên viết nội dung quảng cáo,Lâm Đồng
KH00111890,0.32505,0.08255,0.5517545256872032,0.19342201343755056,5.498192290922892,12,2025-12-01,0,0.0,0,0,76.35833333333333,79.88333333333334,63.5,80.8,60,Nữ,Giám đốc tài chính,Hà Nội
KH00111925,0.5590999999999999,0.1881,0.4443759152078044,0.2634857214340332,5.214482756468736,12,2025-12-01,0,0.0,0,0,69.64166666666667,82.94166666666666,60.8,80.4,39,Nữ,Quản lý hậu cần và phân phối,Hải Phòng
KH00111930,0.8391,0.18830000000000002,0.48912385230292565,0.2229211039270036,5.500918016630917,12,2025-12-01,0,0.0,0,0,60.208333333333336,81.575,48.5,82.3,53,Nam,Cán bộ giáo dục bảo tàng,Thành phố Hồ Chí Minh
KH00111965,0.4756,0.13275,0.4479981054215155,0.13026484047452644,4.139158578011894,12,2025-12-01,1,0.08333333333333333,1,0,66.59166666666667,72.55,57.2,72.9,22,Nữ,Kỹ sư đóng tàu,Thành phố Hồ Chí Minh
KH00111970,0.41910000000000003,0.1132,0.46020082202953394,0.16671934854035475,5.212214667494625,12,2025-12-01,0,0.0,0,0,71.54166666666667,79.03333333333333,64.7,78.4,26,Nam,Giảng viên giáo dục thường xuyên,An Giang
KH00112005,0.4446,0.1027,0.4223978377179831,0.17045977805361912,5.216293531069446,12,2025-12-01,0,0.0,0,0,75.22500000000001,78.58333333333333,69.1,79.6,44,Nam,Kỹ sư viễn thông,Đắk Lắk
KH00112010,0.5385,0.12355000000000001,0.44409035594825197,0.19753465439676365,4.133832333729219,12,2025-12-01,0,0.0,0,0,70.675,74.64166666666667,58.1,80.0,41,Nam,Quản lý hệ thống thông tin,Huế
KH00112045,0.6608,0.264,0.070246379537333,0.7004795937558774,2.0794415416798357,1,2025-07-01,0,0.0,0,0,60.3,57.1,60.3,57.1,88,Nam,Sĩ quan huấn luyện quân đội,Thành phố Hồ Chí Minh
KH00112050,0.73525,0.22705,0.500038474180557,0.1936839477497083,5.216293531069446,12,2025-12-01,0,0.0,0,0,61.98333333333333,78.825,57.8,76.9,51,Nam,Nhà thiết kế triển lãm,Vĩnh Long
KH00112085,0.5722499999999999,0.1157,0.5521886081251914,0.1921459608318672,4.814214812922799,12,2025-12-01,0,0.0,0,0,68.925,78.075,57.1,83.0,48,Nữ,Cán bộ quản lý thể thao,Thành phố Hồ Chí Minh
KH00112090,0.7172000000000001,0.13995,0.46093249080269694,0.2300879792410065,5.903998521326706,12,2025-12-01,0,0.0,0,0,63.300000000000004,81.91666666666667,53.3,78.0,23,Nam,Nhà miễn dịch học,An Giang
KH00112125,0.65525,0.2539,0.38925858478810726,0.19066648036109696,4.815566164479798,12,2025-12-01,0,0.0,0,0,65.55833333333334,77.98333333333333,53.2,80.3,44,Nam,Chuyên viên trị liệu bằng làm vườn,Đồng Nai
KH00112130,0.79145,0.23879999999999998,0.6693049332210599,0.15992188798843066,4.132496328186477,12,2025-12-01,1,0.08333333333333333,1,0,64.64166666666667,72.28333333333333,55.6,75.0,48,Nữ,Nhà sản xuất truyền hình,Cần Thơ
KH00112165,0.7692,0.1978,0.5125138049408579,0.1789781284232915,5.499896739946406,12,2025-12-01,0,0.0,0,0,61.71666666666667,80.68333333333334,51.5,86.8,38,Nam,Nhà địa chất hiện trường,Lai Châu
KH00112170,0.44225000000000003,0.1047,0.4469294686598456,0.14900943171540715,5.213576138092946,12,2025-12-01,0,0.0,0,0,68.21666666666667,78.04166666666667,45.6,78.9,21,Nam,Bác sĩ phẫu thuật,Thành phố Hồ Chí Minh
KH00112205,0.91925,0.32384999999999997,0.506127779478936,0.23727117837685024,5.213576138092946,12,2025-12-01,2,0.16666666666666666,1,0,50.824999999999996,82.41666666666667,27.8,79.8,46,Nam,Nhân viên pha chế cà phê,Nghệ An
KH00112210,0.663,0.16205,0.5601261816146981,0.17896886075587803,4.814214812922799,12,2025-12-01,0,0.0,0,0,66.21666666666667,80.35833333333333,56.5,75.9,33,Nam,Thủ thư học thuật,Khánh Hòa
KH00112245,0.4354,0.13974999999999999,0.5176940811840952,0.17314123284427768,5.211760431738461,12,2025-12-01,0,0.0,0,0,71.95833333333333,79.00833333333334,55.9,75.8,71,Nữ,Kỹ sư đóng tàu,Thành phố Hồ Chí Minh
KH00112250,0.55465,0.1286,0.524025602258835,0.17915383140768354,4.813538451720147,12,2025-12-01,0,0.0,0,0,68.80833333333334,77.71666666666667,59.0,77.2,54,Nam,Chuyên viên viết nội dung quảng cáo,An Giang
KH00112285,0.72115,0.24365,0.3873949179062418,0.16274376588588566,4.814214812922799,12,2025-12-01,0,0.0,0,0,64.79166666666667,76.69166666666666,51.9,77.5,38,Nam,Nhà môi giới hàng không,An Giang
KH00112290,0.54375,0.20345000000000002,0.506480103479086,0.14439182062157646,4.133832333729219,12,2025-12-01,0,0.0,0,0,66.45,74.0,43.6,88.2,60,Nam,Quản lý dịch vụ ăn uống,Hải Phòng
KH00112325,0.5666,0.1977,0.494284303849822,0.1519994473795834,5.5019382513733825,12,2025-12-01,0,0.0,0,0,66.72500000000001,79.43333333333334,55.0,78.3,40,Nữ,Điều dưỡng nhi khoa,Thành phố Hồ Chí Minh
KH00112330,0.571,0.13125,0.4857937976531689,0.18186865948108025,4.809470649500821,12,2025-12-01,0,0.0,0,0,69.04166666666667,77.94166666666666,61.1,77.6,51,Nam,Chuyên viên trị liệu nghề nghiệp,Thành phố Hồ Chí Minh
KH00112365,0.43045,0.1356,0.49050443751250133,0.1423962046876277,4.1298189504157605,12,2025-12-01,0,0.0,0,0,70.10833333333333,71.375,48.3,86.9,71,Nam,Bác sĩ tâm thần,Ninh Bình
KH00112370,0.4796,0.0999,0.0770536505218566,0.9240647903913058,2.4849066497880004,1,2025-09-01,0,0.0,0,0,73.8,46.9,73.8,46.9,20,Nữ,Chuyên viên ngân hàng đầu tư vận hành,Sơn La
KH00112405,0.5448,0.1306,0.5731945902376508,0.15673542444082705,5.206750173022546,12,2025-12-01,0,0.0,0,0,70.93333333333334,76.86666666666666,53.3,82.6,63,Nam,Chuyên viên tư vấn nông nghiệp,Hà Nội
KH00112410,0.58575,0.1552,0.5681025236537708,0.1863852400595774,5.494774652599741,12,2025-12-01,0,0.0,0,0,68.875,79.39166666666667,49.1,85.7,63,Nữ,Giáo viên dạy nhạc,Đồng Nai
KH00112445,0.5472,0.2173,0.44797569896196854,0.20271167891375766,4.1244425933793805,12,2025-12-01,0,0.0,0,0,67.41666666666667,73.93333333333334,48.3,77.1,58,Nữ,Kỹ sư khoan,Đà Nẵng
KH00112450,0.696,0.1636,0.5652195910691824,0.1954530239812695,4.133832333729219,12,2025-12-01,0,0.0,0,0,65.86666666666666,74.25833333333334,55.9,78.4,45,Nam,Chuyên viên di truyền tế bào lâm sàng,An Giang
KH00112485,0.7545999999999999,0.2791,0.5223432361754492,0.18446796241220204,5.2158411447237985,12,2025-12-01,0,0.0,0,0,60.01666666666667,79.66666666666667,43.6,80.1,20,Nữ,Chuyên viên pháp lý nhà đất,Quảng Trị
KH00112490,0.30255,0.07685,0.5398587923439051,0.18180711759622645,4.81150661898592,12,2025-12-01,0,0.0,0,0,78.33333333333333,76.22500000000001,66.6,84.4,77,Nữ,Giám đốc tiếp thị,An Giang
KH00112525,0.587,0.2183,0.46928655823156096,0.16570139970545594,4.814890716970161,12,2025-12-01,0,0.0,0,0,65.45,79.05,53.8,76.1,74,Nam,Chuyên viên trị liệu nghề nghiệp,Nghệ An
KH00112530,0.62235,0.1906,0.5026455598514805,0.1745723401738207,5.496826636903886,12,2025-12-01,0,0.0,0,0,67.52499999999999,79.31666666666666,49.3,82.5,81,Nữ,Chuyên viên quan hệ công chúng,Đồng Nai
KH00112565,0.56565,0.1537,0.5235308450589592,0.1270970504633795,4.137829674161839,12,2025-12-01,1,0.08333333333333333,0,0,65.49166666666666,69.79166666666667,57.8,71.9,84,Nữ,Nhà hóa sinh lâm sàng,Hà Nội
KH00112570,0.49345000000000006,0.1163,0.5017202644766856,0.177055382007185,4.132496328186477,12,2025-12-01,0,0.0,0,0,68.76666666666667,73.85000000000001,56.8,72.1,60,Nữ,Dược sĩ bệnh viện,Khánh Hòa
KH00112605,0.62825,0.22225,0.39477495875339236,0.18665087412165648,5.500577706945823,12,2025-12-01,0,0.0,0,0,67.3,79.29166666666667,50.5,81.7,34,Nam,Nhà địa chất công trình,Đồng Nai
KH00112610,0.6436999999999999,0.1886,0.5343642621211503,0.18856371732739446,5.4995560824741965,12,2025-12-01,0,0.0,0,0,66.33333333333333,80.175,53.0,77.8,66,Nữ,Nhà tâm lý học nghề nghiệp,Đồng Tháp
KH00112645,0.59335,0.1275,0.48351302331463,0.18290851201787214,5.5002372814106195,12,2025-12-01,0,0.0,0,0,66.375,80.10833333333333,53.2,78.6,48,Nữ,Nhà tâm lý học nghề nghiệp,Tây Ninh
KH00112650,0.4496,0.09705,0.2591385615408339,0.28115175601772857,4.806749559386461,12,2025-12-01,0,0.0,0,0,73.39166666666667,81.3,63.1,84.4,21,Nữ,Kỹ sư sản xuất,Hà Nội
KH00112685,0.45640000000000003,0.17255,0.39140851266357835,0.1800932675680766,5.4995560824741965,12,2025-12-01,0,0.0,0,0,72.61666666666666,79.10000000000001,54.4,77.2,40,Nam,Kỹ sư dầu khí,Thanh Hóa
KH00112690,0.59075,0.1744,0.5475064398835705,0.1416787221936661,5.720584963332236,12,2025-12-01,0,0.0,0,0,67.28333333333333,78.35000000000001,51.1,76.4,42,Nữ,Chuyên viên tư vấn tài chính,Hà Nội
KH00112725,0.9391,0.3782,0.5480904539058153,0.4436790260824034,2.1972245773362196,1,2025-04-01,0,0.0,0,0,48.2,39.7,48.2,39.7,88,Nữ,Cán bộ bảo tồn thiên nhiên,Điện Biên
KH00112730,0.5592,0.1888,0.0900231188770101,0.7638809058512472,2.3978952727983707,1,2025-11-01,0,0.0,0,0,67.6,52.9,67.6,52.9,56,Nam,Sĩ quan huấn luyện quân đội,Thành phố Hồ Chí Minh
KH00112765,0.6476,0.2355,0.4000490092918254,0.18665096884405813,5.5002372814106195,12,2025-12-01,0,0.0,0,0,67.77499999999999,80.0,55.7,79.3,33,Nam,Cán bộ xuất nhập cảnh,Thành phố Hồ Chí Minh
KH00112770,0.7141500000000001,0.15039999999999998,0.6192006216404349,0.21429818473632034,4.135166556742356,12,2025-12-01,0,0.0,0,0,67.64166666666667,72.00833333333334,58.1,80.3,75,Nữ,Nhà địa chất thủy văn,Đồng Nai
KH00112805,0.83405,0.21635,0.5556191965473742,0.15999055292877046,5.719765179162811,12,2025-12-01,0,0.0,0,0,61.208333333333336,78.49166666666666,48.8,80.8,30,Nữ,Trợ lý sản xuất truyền hình,Cần Thơ
KH00112810,0.50105,0.13985,0.48197213062702376,0.18041264035496768,4.81150661898592,12,2025-12-01,0,0.0,0,0,72.26666666666667,76.88333333333334,62.0,80.4,54,Nữ,Cán bộ quản lý chất thải,Thành phố Hồ Chí Minh
KH00112845,0.71715,0.1512,0.5452625164595011,0.18554490680954866,5.498192290922892,12,2025-12-01,0,0.0,0,0,63.49166666666667,79.38333333333334,51.5,80.7,40,Nam,Chuyên viên nghiên cứu thị trường,Đồng Nai
KH00112850,0.61675,0.1628,0.45086911364003535,0.17289545671261916,4.808791070813437,12,2025-12-01,0,0.0,0,0,66.08333333333333,76.33333333333333,55.3,77.0,93,Nam,Chuyên viên thẩm định bảo hiểm,Hà Nội
KH00112885,0.66115,0.13845000000000002,0.5290393373140339,0.16259884382807166,5.213576138092946,12,2025-12-01,0,0.0,0,0,67.72500000000001,78.88333333333334,57.6,80.8,93,Nam,Quản lý dịch vụ y tế,Phú Thọ
KH00112890,0.7056,0.1792,0.5461577347072084,0.18237698922410714,5.499215308914927,12,2025-12-01,0,0.0,0,0,65.30833333333334,79.27499999999999,51.0,76.3,41,Nam,Biên tập viên đặt bài,Đắk Lắk
KH00112925,0.47015,0.09815,0.39973906252810665,0.18485892489465694,4.810828422961282,12,2025-12-01,0,0.0,0,0,72.375,77.55,62.1,84.6,28,Nữ,Nhà giao dịch hợp đồng tương lai,Cần Thơ
KH00112930,0.5919000000000001,0.17075,0.5586115819953115,0.16971422949271603,4.814890716970161,12,2025-12-01,0,0.0,0,0,68.98333333333333,78.95833333333333,51.5,84.9,45,Nam,Giáo viên tiếng anh,Hà Nội
KH00112965,0.6737,0.1567,0.1885931429928579,0.6011671501518313,2.1972245773362196,1,2025-07-01,0,0.0,0,0,64.2,47.4,64.2,47.4,59,Nữ,Chuyên viên pháp chế,Quảng Ngãi
KH00112970,0.5093000000000001,0.15685,0.5475978966573547,0.16587256654718852,5.212214667494625,12,2025-12-01,0,0.0,0,0,70.52499999999999,79.05833333333334,57.5,81.4,74,Nữ,Kỹ sư cơ điện công trình,Thành phố Hồ Chí Minh
KH00113005,0.5233,0.12125,0.48919801820212294,0.14967369126689475,5.214935757608986,12,2025-12-01,0,0.0,0,0,69.44166666666666,78.23333333333333,64.4,78.0,91,Nữ,Kỹ sư hóa học,Hà Nội
KH00113010,0.7039,0.24105000000000001,0.4130113353718049,0.2747423458789324,4.815566164479798,12,2025-12-01,0,0.0,0,0,61.85833333333333,81.54166666666667,50.9,83.6,34,Nữ,Giáo viên dạy nhạc,Thanh Hóa
KH00113045,0.7504,0.2187,0.4299335586090761,0.20529960176650225,4.135166556742356,12,2025-12-01,1,0.08333333333333333,1,0,64.20833333333333,74.63333333333334,55.0,75.9,34,Nam,Nhân viên tư vấn hỗ trợ,Vĩnh Long
KH00113050,0.544,0.1233,0.2622386599404633,0.6629589280633947,2.4849066497880004,1,2025-02-01,0,0.0,0,0,71.6,57.3,71.6,57.3,95,Nữ,Kiểm soát viên tài chính,Thành phố Hồ Chí Minh
KH00113085,0.6902999999999999,0.1997,0.4767435590187318,0.28459182186216675,4.812184355372417,12,2025-12-01,0,0.0,0,0,65.75,81.60833333333333,55.8,82.3,28,Nữ,Kỹ thuật viên chẩn đoán hình ảnh,Phú Thọ
KH00113090,0.4635,0.18265,0.4824888213741256,0.13729602898700177,4.81014976667463,12,2025-12-01,0,0.0,0,0,68.85,75.70833333333333,60.5,81.2,65,Nam,Bác sĩ bệnh viện,Cần Thơ
KH00113125,0.77215,0.24364999999999998,0.547679514069427,0.20971302034979744,5.500918016630917,12,2025-12-01,0,0.0,0,0,63.43333333333334,79.80833333333334,51.1,80.1,55,Nam,Giáo viên dạy nhạc,Ninh Bình
KH00113130,0.79905,0.18230000000000002,0.4260369470914399,0.16465928471777386,4.137829674161839,12,2025-12-01,0,0.0,0,0,64.64166666666667,73.46666666666667,53.4,76.6,30,Nam,Người bán sách,Cần Thơ
KH00113165,0.7396,0.25625,0.4337562461121188,0.15481746508365768,5.2158411447237985,12,2025-12-01,1,0.08333333333333333,0,0,58.31666666666666,77.16666666666667,48.6,79.2,94,Nữ,Nhà thủy văn học,Hưng Yên
KH00113170,0.7134499999999999,0.17075,0.46956101401007655,0.25978759467573215,5.212214667494625,12,2025-12-01,0,0.0,0,0,62.458333333333336,82.04166666666667,50.0,82.2,41,Nữ,Chuyên viên công nghệ dệt may,Lâm Đồng
KH00113205,0.6954499999999999,0.24280000000000002,0.47070446531681204,0.16469066412128192,4.812861632743379,12,2025-12-01,0,0.0,0,0,64.80833333333334,76.175,57.4,77.8,87,Nữ,Chuyên viên dự toán xây dựng,Thanh Hóa
KH00113210,0.48895,0.10055,0.5421864592289418,0.1628621946174038,5.4995560824741965,12,2025-12-01,0,0.0,0,0,71.48333333333333,78.95833333333333,54.8,77.0,94,Nữ,Kỹ sư kinh doanh kỹ thuật,Hải Phòng
KH00113245,0.38125,0.13455,0.5236078169511637,0.1641071774179446,4.815566164479798,12,2025-12-01,0,0.0,0,0,72.61666666666666,78.60000000000001,52.8,75.6,48,Nữ,Bác sĩ phẫu thuật thần kinh,Vĩnh Long
KH00113250,0.6655,0.1975,0.5052431602855171,0.1816609981861544,5.903543665735512,12,2025-12-01,0,0.0,0,0,63.15,79.38333333333334,49.7,81.4,37,Nữ,Chuyên viên cắt tỉa cây,Bắc Ninh
KH00113285,0.45289999999999997,0.1606,0.45244298117443554,0.2441899674834458,5.494774652599741,12,2025-12-01,0,0.0,0,0,73.33333333333333,82.24166666666666,60.5,83.1,32,Nữ,Phi công hàng không,Hà Nội
KH00113290,0.7639,0.15365,0.537801471253536,0.24190821592716505,4.814214812922799,12,2025-12-01,0,0.0,0,0,63.083333333333336,81.3,48.4,90.3,27,Nam,Kỹ thuật viên phòng thí nghiệm giảng dạy,Ninh Bình
KH00113325,0.64615,0.17955,0.4955006584299336,0.2366827164259195,5.721676964532752,12,2025-12-01,0,0.0,0,0,66.24166666666666,82.18333333333334,53.6,83.9,48,Nam,Thanh tra công trình di tích,Thành phố Hồ Chí Minh
KH00113330,0.48850000000000005,0.11635,0.495969323314676,0.18222623277244415,5.2158411447237985,12,2025-12-01,0,0.0,0,0,71.31666666666666,79.72500000000001,63.1,77.6,53,Nam,Lập trình viên đa phương tiện,Tây Ninh
KH00113365,0.71195,0.2518,0.4568105298924098,0.19294887669676747,5.215388553632117,12,2025-12-01,0,0.0,0,0,61.25,78.10000000000001,47.5,75.2,52,Nữ,Phóng viên ảnh,An Giang
KH00113370,0.7944,0.21334999999999998,0.40657029824971647,0.1595014631208435,4.1404857182199555,12,2025-12-01,0,0.0,0,0,61.550000000000004,73.21666666666667,54.3,73.8,38,Nam,Chuyên viên an toàn lao động,Hải Phòng
KH00113405,0.7681,0.24215,0.4166837673895052,0.30363512606998044,5.213576138092946,12,2025-12-01,0,0.0,0,0,62.708333333333336,83.76666666666667,51.3,82.4,28,Nữ,Cán bộ triển lãm bảo tàng,Nghệ An
KH00113410,0.45475,0.11655,0.45012489619392443,0.2472356170281958,5.5002372814106195,12,2025-12-01,0,0.0,0,0,73.45833333333333,81.53333333333333,67.9,80.8,48,Nữ,Bác sĩ chuyên khoa bàn chân,Lào Cai
KH00113445,0.58005,0.1238,0.5403472776493514,0.16555996394392075,4.817589773939326,12,2025-12-01,0,0.0,0,0,68.72500000000001,78.125,56.4,82.4,32,Nữ,Chuyên viên phục chế bảo tàng,Lâm Đồng
KH00113450,0.6776,0.1696,0.47093739187770783,0.20880690369608879,5.720858075446456,12,2025-12-01,0,0.0,0,0,64.95833333333333,80.19166666666666,52.1,80.5,32,Nam,Chuyên viên trị liệu nghệ thuật,An Giang
KH00113485,0.66595,0.25265,0.48370921315563387,0.17768916774894034,4.816915692349932,12,2025-12-01,0,0.0,0,0,63.19166666666666,77.28333333333333,45.2,74.8,52,Nữ,Chuyên viên tư vấn tài chính,Thành phố Hồ Chí Minh
KH00113490,0.7926500000000001,0.20485,0.4807191812323173,0.21389281374673025,4.816915692349932,12,2025-12-01,0,0.0,0,0,62.76666666666667,80.73333333333333,53.9,77.9,49,Nam,Chuyên viên hoạch định truyền thông,Lâm Đồng
KH00113525,0.7064999999999999,0.20650000000000002,0.45277614622034373,0.2740537609936184,4.808791070813437,12,2025-12-01,0,0.0,0,0,64.45,82.125,51.9,84.3,32,Nữ,Chuyên viên làm vườn thương mại,Thanh Hóa
KH00113530,0.8122,0.1979,0.1043107331160745,0.4776249900643828,2.302585092994046,1,2025-05-01,0,0.0,0,0,56.5,43.0,56.5,43.0,66,Nữ,Kiểm soát viên không lưu,Đồng Tháp
KH00113565,0.7612,0.2881,0.43091907868005863,0.2351150280168261,5.212214667494625,12,2025-12-01,1,0.08333333333333333,0,0,60.01666666666667,81.27499999999999,38.2,78.5,45,Nữ,Nhà thiết kế gốm sứ,Đà Nẵng
KH00113570,0.6315,0.1335,0.5556192103818699,0.1661262216326283,5.217197690263049,12,2025-12-01,0,0.0,0,0,66.29166666666667,80.61666666666666,52.6,83.3,48,Nữ,Chuyên viên trắc địa,Lào Cai
KH00113605,0.4262,0.10925,0.5289753731749829,0.1692642905553602,5.5002372814106195,12,2025-12-01,0,0.0,0,0,72.77499999999999,79.46666666666667,57.1,78.6,67,Nữ,Kiến trúc sư,Ninh Bình
KH00113610,0.53035,0.11715,0.24628579161056094,0.2510063571405971,5.903543665735512,12,2025-12-01,0,0.0,0,0,69.475,83.35833333333333,57.1,82.5,23,Nữ,Chuyên viên kinh doanh công nghệ thông tin,Hà Nội
KH00113645,0.45555,0.111,0.5104512695690568,0.14827893953602062,5.502278098445473,12,2025-12-01,0,0.0,0,0,71.01666666666667,77.96666666666667,57.4,83.4,44,Nữ,Nhà giao dịch tài chính,Bắc Ninh
KH00113650,0.70845,0.13505,0.2582042112520623,0.2611982971726853,5.901038255018284,12,2025-12-01,0,0.0,0,0,66.11666666666666,82.75833333333334,49.2,80.6,16,Nữ,Nhà trị liệu tâm lý trẻ em,Hà Nội
KH00113685,0.8272,0.2158,0.2195134678697141,0.7770756838300173,2.995732273553991,1,2025-02-01,0,0.0,0,0,54.9,61.6,54.9,61.6,24,Nữ,Nhà thiết kế bối cảnh,Hà Tĩnh
KH00113690,0.3606,0.1096,0.3157650948194434,0.7168222771198139,2.302585092994046,1,2025-11-01,0,0.0,0,0,77.3,51.3,77.3,51.3,50,Nam,Luật sư,Thành phố Hồ Chí Minh
KH00113725,0.80215,0.15985,0.2537161309705063,0.2932287808145515,4.819609296672155,12,2025-12-01,0,0.0,0,0,63.1,82.73333333333333,54.7,82.8,23,Nữ,Chủ nhiệm ánh sáng trường quay,Ninh Bình
KH00113730,0.6381,0.13269999999999998,0.5298289868217239,0.17446813757332602,4.813538451720147,12,2025-12-01,0,0.0,0,0,68.35833333333333,77.625,58.8,77.6,56,Nữ,Nhà địa hóa học,Nghệ An
KH00113765,0.885,0.2886,0.46839826679358215,0.15983070424104215,4.132496328186477,12,2025-12-01,0,0.0,0,0,60.333333333333336,73.23333333333333,49.4,85.4,51,Nam,Quản trị viên nghệ thuật,Cà Mau
KH00113770,0.6873,0.2142,0.44762680106851405,0.1927389257027256,4.813538451720147,12,2025-12-01,0,0.0,0,0,61.791666666666664,79.98333333333333,43.9,90.1,30,Nam,Chuyên viên tư vấn thuế,Thành phố Hồ Chí Minh
KH00113805,0.46825,0.10414999999999999,0.4512763251924161,0.1873979009995591,4.135166556742356,12,2025-12-01,0,0.0,0,0,70.675,74.49166666666666,52.6,75.6,61,Nam,Kỹ sư khoan,Gia Lai
KH00113810,0.6488,0.1414,0.5440591055357878,0.14477975008392524,5.213576138092946,12,2025-12-01,0,0.0,0,0,67.175,78.16666666666667,52.4,82.7,35,Nữ,Chuyên viên cây xanh cảnh quan,Hải Phòng
KH00113845,0.6882,0.14045,0.41234688164710587,0.1945508114552029,5.213576138092946,12,2025-12-01,0,0.0,0,0,67.85833333333333,79.20833333333333,57.1,78.0,31,Nam,Chuyên viên công nghệ dệt may,Vĩnh Long
KH00113850,0.5927,0.12990000000000002,0.2396591343060677,0.26981685628048013,4.1298189504157605,12,2025-12-01,0,0.0,0,0,68.0,77.825,62.7,74.7,24,Nữ,Chuyên viên phân tích hệ thống,Phú Thọ
KH00113885,0.5672999999999999,0.1385,0.36549284759251444,0.18406596169485112,5.214029550025447,12,2025-12-01,0,0.0,0,0,70.40833333333333,79.09166666666667,58.1,78.2,32,Nam,Nhà khoa học thổ nhưỡng,Hưng Yên
KH00113890,0.7778499999999999,0.2384,0.5112987534472118,0.18482686686111124,5.498874419189451,12,2025-12-01,0,0.0,0,0,61.21666666666667,79.70833333333333,51.0,80.7,66,Nam,Quản trị viên,Đồng Tháp
KH00113925,0.7419,0.2084,0.0714906695113183,0.6869175787252639,2.5649493574615367,1,2025-12-01,0,0.0,0,0,59.1,59.2,59.1,59.2,63,Nữ,Vũ công,Gia Lai
KH00113930,0.53855,0.1678,0.5172407638572256,0.15481676410892337,5.217197690263049,12,2025-12-01,0,0.0,0,0,67.00833333333334,78.84166666666667,49.2,78.3,23,Nữ,Giáo viên giáo dục đặc biệt,Thành phố Hồ Chí Minh
KH00113965,0.6474,0.14435,0.45674975621817565,0.1955442082502836,4.144456603649449,12,2025-12-01,3,0.25,2,0,52.73333333333333,75.79166666666667,19.7,83.2,25,Nữ,Điều dưỡng nhi khoa,Lâm Đồng
KH00113970,0.4494,0.18285,0.5494275451154342,0.16576874668362265,5.498192290922892,12,2025-12-01,0,0.0,0,0,68.94166666666668,78.125,55.9,79.7,47,Nữ,Kỹ sư ô tô,Thành phố Hồ Chí Minh
KH00114005,0.49215,0.13765,0.4738110313127605,0.2396006250196508,4.814890716970161,12,2025-12-01,0,0.0,0,0,71.925,79.73333333333333,65.8,82.3,37,Nữ,Kế toán công chứng,Hưng Yên
KH00114010,0.7274,0.27890000000000004,0.5307235775625767,0.2181004508094751,5.4975096970397335,12,2025-12-01,0,0.0,0,0,62.275,80.91666666666667,47.9,75.9,69,Nữ,Cán bộ giáo dục cộng đồng,Phú Thọ
KH00114045,0.6984999999999999,0.18009999999999998,0.5064130456065421,0.16256514776162145,5.903998521326706,12,2025-12-01,0,0.0,0,0,62.44166666666666,79.81666666666668,50.8,79.2,33,Nữ,Chuyên viên khảo sát khoáng sản,Hưng Yên
KH00114050,0.55995,0.13975,0.4894755360531531,0.20106746540995896,5.499215308914927,12,2025-12-01,0,0.0,0,0,68.225,81.11666666666666,52.8,80.0,30,Nam,Giảng viên công nghệ thông tin,Thái Nguyên
KH00114085,0.7719,0.224,0.4536164045721516,0.2397344181229779,5.72194977861165,12,2025-12-01,0,0.0,0,0,61.291666666666664,81.80833333333334,50.6,82.1,30,Nữ,Chuyên viên dựng phim,Cần Thơ
KH00114090,0.7341,0.28495000000000004,0.546041295984251,0.17923013436097235,4.813538451720147,12,2025-12-01,0,0.0,0,0,62.93333333333334,77.00833333333334,55.8,79.0,64,Nữ,Chuyên viên dựng phim,Hải Phòng
KH00114125,0.59195,0.1502,0.538549250243086,0.19513938172825218,4.81014976667463,12,2025-12-01,0,0.0,0,0,68.40833333333333,79.06666666666666,54.3,80.4,33,Nam,Nhà tâm lý học lâm sàng,Khánh Hòa
KH00114130,0.708,0.14284999999999998,0.46741291907811067,0.19073997584600527,5.720038515231207,12,2025-12-01,0,0.0,0,0,64.55833333333334,80.55,52.0,79.2,21,Nữ,Chuyên viên trị liệu thể thao,Đồng Nai
KH00114165,0.5864,0.2198,0.5203614549539609,0.1644686205797677,4.816241156068032,12,2025-12-01,0,0.0,0,0,66.79166666666667,78.38333333333334,60.6,79.7,72,Nữ,Quản lý phòng tranh,Đồng Nai
KH00114170,0.76045,0.1533,0.4755562011548863,0.14422555782368557,4.810828422961282,12,2025-12-01,0,0.0,0,0,62.85833333333333,76.81666666666666,48.2,88.7,31,Nam,Chuyên viên tư vấn công nghệ thông tin,Nghệ An
KH00114205,0.62535,0.2218,0.5115157293407882,0.192813874002743,5.497168225293202,12,2025-12-01,0,0.0,0,0,66.14999999999999,79.23333333333333,56.2,79.4,75,Nữ,Lập trình viên hệ thống,Huế
KH00114210,0.3623,0.0938,0.1107367033313,0.7733072942287637,2.5649493574615367,1,2025-03-01,0,0.0,0,0,77.0,48.4,77.0,48.4,56,Nam,Bác sĩ bệnh viện,An Giang
KH00114245,0.6359,0.16515000000000002,0.533317011705779,0.15889720853839726,4.812184355372417,12,2025-12-01,0,0.0,0,0,67.25,76.33333333333333,46.8,75.8,57,Nữ,Nhà địa chất hiện trường,Thành phố Hồ Chí Minh
KH00114250,0.45155,0.1442,0.41435914673733526,0.18317170069870042,4.137829674161839,12,2025-12-01,0,0.0,0,0,73.64999999999999,73.425,58.2,75.2,46,Nam,Luật sư tư vấn (Scotland),Tây Ninh
KH00114285,0.7293,0.2457,0.044305353017319,0.698011393117159,2.3978952727983707,1,2025-02-01,0,0.0,0,0,59.2,52.1,59.2,52.1,52,Nam,Người dẫn chương trình phát sóng,Vĩnh Long
KH00114290,0.58255,0.198,0.5020998657450303,0.18393553044687616,4.814214812922799,12,2025-12-01,0,0.0,0,0,67.43333333333334,76.94166666666668,53.4,83.6,73,Nữ,Quản lý trung tâm thể hình,Đồng Nai
KH00114325,0.5908,0.1974,0.5901272769800974,0.1764239971984663,5.497168225293202,12,2025-12-01,0,0.0,0,0,69.00833333333334,78.0,52.4,76.6,65,Nam,Chuyên viên ngân hàng bán lẻ,Bắc Ninh
KH00114330,0.68885,0.13565,0.4418869818980671,0.23519541426794843,5.717575796788537,12,2025-12-01,0,0.0,0,0,66.55833333333334,81.31666666666666,55.9,82.4,43,Nữ,Chuyên viên vật lý trị liệu,Khánh Hòa
KH00114365,0.6939500000000001,0.16799999999999998,0.4842393145677477,0.22788178640338308,5.721404076006021,12,2025-12-01,0,0.0,0,0,63.208333333333336,82.39999999999999,57.0,78.5,42,Nam,Nhà báo,Tuyên Quang
KH00114370,0.68475,0.15005000000000002,0.4837735164444838,0.1453300862489764,4.1298189504157605,12,2025-12-01,0,0.0,0,0,65.72500000000001,72.79166666666667,55.8,74.0,59,Nam,Kỹ thuật viên chẩn đoán hình ảnh,Thành phố Hồ Chí Minh
KH00114405,0.7036,0.16795,0.5061788530403166,0.2217646795542395,5.2108513407667605,12,2025-12-01,0,0.0,0,0,61.975,80.53333333333333,50.2,77.7,25,Nam,Biên tập viên chuyên đề tạp chí,Cà Mau
KH00114410,0.7983499999999999,0.2747,0.40144037173321423,0.16569600461061115,5.5002372814106195,12,2025-12-01,0,0.0,0,0,63.40833333333333,78.34166666666667,53.0,78.4,48,Nam,Người dẫn chương trình phát sóng,Quảng Ngãi
KH00114445,0.71955,0.1755,0.5879807975768857,0.1237401186896288,4.137829674161839,12,2025-12-01,0,0.0,0,0,64.10833333333333,71.14999999999999,45.9,72.7,43,Nữ,Nhà kinh tế học,Nghệ An
KH00114450,0.67445,0.20475,0.5715231004919559,0.18200927643055695,5.210396485175567,12,2025-12-01,0,0.0,0,0,65.08333333333333,78.5,52.3,80.1,53,Nam,Chuyên viên nhân sự,Hà Nội
KH00114485,0.7281,0.17415,0.44973228042011965,0.10785788779064345,4.133832333729219,12,2025-12-01,1,0.08333333333333333,0,0,62.65833333333333,72.29166666666667,58.4,78.4,31,Nữ,Giáo viên giáo dục người lớn,Cà Mau
KH00114490,0.6375500000000001,0.13755,0.5545792736653383,0.16752873513092334,5.214029550025447,12,2025-12-01,0,0.0,0,0,67.98333333333333,77.27499999999999,54.2,80.9,53,Nữ,Nhà tâm lý học tư vấn,Tuyên Quang
KH00114525,0.6602,0.18114999999999998,0.5609691684797213,0.18601784198030125,5.498533413218542,12,2025-12-01,0,0.0,0,0,66.81666666666666,78.61666666666666,60.4,76.6,82,Nam,Nhà thiết kế gốm sứ,Hà Nội
KH00114530,0.71435,0.18945,0.5054195910406054,0.22806691697532144,4.814214812922799,12,2025-12-01,0,0.0,0,0,63.94166666666666,81.51666666666667,53.8,82.3,34,Nam,Chuyên viên nghiên cứu công đoàn,Phú Thọ
KH00114565,0.494,0.1311,0.5479662540285762,0.1832770275335336,5.216745712854225,12,2025-12-01,0,0.0,0,0,69.28333333333333,79.02499999999999,55.8,83.1,56,Nam,Giảng viên giáo dục thường xuyên,Hà Nội
KH00114570,0.6939500000000001,0.1885,0.3585956422602145,0.1913044563867492,4.133832333729219,12,2025-12-01,0,0.0,0,0,65.74166666666666,74.39166666666667,65.5,76.4,39,Nam,Nhà thiết kế sản phẩm công nghiệp,Quảng Trị
KH00114605,0.4376,0.1423,0.1256754330117374,0.664103694271675,2.0794415416798357,1,2025-02-01,0,0.0,0,0,74.7,44.6,74.7,44.6,76,Nữ,Kỹ sư xây dựng dân dụng,Quảng Ngãi
KH00114610,0.8005,0.16904999999999998,0.4935211976142442,0.171574225688147,5.207662998279906,12,2025-12-01,0,0.0,0,0,63.80833333333334,77.76666666666667,52.3,82.2,79,Nam,Biên tập viên hiệu đính,Hưng Yên
KH00114645,0.51075,0.15050000000000002,0.559060412374996,0.19394705896690545,5.899212187402895,12,2025-12-01,0,0.0,0,0,68.65,79.35000000000001,53.9,78.6,48,Nữ,Kỹ sư cấp thoát nước,Hà Nội
KH00114650,0.714,0.28025,0.47956884515706755,0.15029790198164045,4.125789394929758,12,2025-12-01,0,0.0,0,0,60.574999999999996,73.61666666666666,52.3,78.2,52,Nam,Chuyên viên dựng phim,Điện Biên
KH00114685,0.5951,0.12535,0.46105734557965766,0.1924169083886058,4.141811099461024,12,2025-12-01,1,0.08333333333333333,0,0,64.075,72.7,12.8,73.9,26,Nữ,Chuyên viên tư vấn hướng nghiệp bậc đại học,Thanh Hóa
KH00114690,0.6585000000000001,0.15815,0.4884530954862242,0.16869869317537506,5.214029550025447,12,2025-12-01,0,0.0,0,0,65.83333333333333,78.24166666666666,56.9,77.9,91,Nữ,Nhà văn khoa học,Hà Nội
KH00114725,0.52935,0.1129,0.5318565956152027,0.43187259667706596,1.5040773967762742,2,2025-02-01,0,0.0,0,1,68.95,33.15,88.3,12.3,50,Nam,Chuyên viên di truyền tế bào lâm sàng,Thành phố Hồ Chí Minh
KH00114730,0.6487499999999999,0.16825,0.531669447865547,0.1869467779398248,5.500577706945823,12,2025-12-01,0,0.0,0,0,65.11666666666666,79.83333333333333,48.7,80.9,67,Nữ,Chuyên viên trắc địa,Bắc Ninh
KH00114765,0.73,0.255,0.48196566236268434,0.17663907495372244,4.814214812922799,12,2025-12-01,0,0.0,0,0,61.324999999999996,77.64999999999999,55.6,77.8,58,Nữ,Chuyên viên tư vấn hưu trí,Hưng Yên
KH00114770,0.51515,0.12310000000000001,0.5120466672483415,0.20344384661017695,5.210396485175567,12,2025-12-01,0,0.0,0,0,69.65833333333333,79.65833333333333,52.5,82.9,29,Nữ,Nhà khoa học nghiên cứu toán học,Thanh Hóa
KH00114805,0.63575,0.16375,0.2612345791269616,0.25549043307398056,5.903543665735512,12,2025-12-01,0,0.0,0,0,67.18333333333334,83.08333333333333,55.9,82.3,22,Nữ,Nhà tâm lý học pháp y,Nghệ An
KH00114810,0.7438,0.2586,0.0447455649842678,0.6213004144769682,2.3978952727983707,1,2025-05-01,0,0.0,0,0,58.1,58.1,58.1,58.1,86,Nam,Trợ lý sản xuất truyền hình,Hà Nội
KH00114845,0.4826,0.17745,0.44460878502437245,0.1833292297477652,5.721131112990814,12,2025-12-01,0,0.0,0,0,66.99166666666666,79.50833333333334,54.8,83.7,35,Nam,Kỹ sư công trường,Lai Châu
KH00114850,0.50665,0.09535,0.5631254670360933,0.1285184253634264,4.132496328186477,12,2025-12-01,0,0.0,0,0,74.46666666666667,70.10833333333333,59.8,74.1,66,Nam,Kỹ sư sản xuất,Cần Thơ
KH00114885,0.71025,0.25105,0.5758998265728767,0.1599874048839351,4.135166556742356,12,2025-12-01,0,0.0,0,0,64.14999999999999,73.74166666666666,52.1,74.9,87,Nam,Người phụ trách bảo tàng,Hà Nội
KH00114890,0.6963,0.15635,0.5661348689595568,0.1553812334304442,5.217197690263049,12,2025-12-01,0,0.0,0,0,66.075,77.90833333333333,57.2,78.6,34,Nữ,Điều dưỡng tâm thần,Đà Nẵng
KH00114925,0.8128,0.2609,0.5714255791295326,0.26241483605389837,4.1364990019761345,12,2025-12-01,1,0.08333333333333333,1,0,63.800000000000004,76.78333333333333,51.5,83.5,39,Nam,Tiếp viên hàng không,Đà Nẵng
KH00114930,0.60895,0.14925,0.5518413110281764,0.1761655745195821,4.132496328186477,12,2025-12-01,0,0.0,0,0,68.925,73.72500000000001,55.7,77.6,59,Nữ,Chuyên viên quy hoạch giao thông,Ninh Bình
KH00114965,0.5244,0.12175,0.5692070119559566,0.1834333678877152,5.499896739946406,12,2025-12-01,0,0.0,0,0,69.55833333333334,79.2,56.5,74.8,66,Nữ,Kỹ sư khai thác mỏ,Nghệ An
KH00114970,0.7784,0.23675000000000002,0.380560475752622,0.19044867777114166,5.213122520484805,12,2025-12-01,0,0.0,0,0,63.199999999999996,79.66666666666667,51.9,79.4,33,Nam,Nhà hải dương học,Đồng Nai
KH00115005,0.7511,0.15985,0.5859574407104208,0.18770390577942755,5.217649463480582,12,2025-12-01,0,0.0,0,0,66.075,77.53333333333333,54.8,81.5,59,Nữ,Chuyên viên dựng phim,Cần Thơ
KH00115010,0.5058,0.09605,0.48466948525137654,0.16675621504150273,4.812861632743379,12,2025-12-01,0,0.0,0,0,72.875,75.65833333333333,54.2,79.1,79,Nữ,Chuyên viên ngân hàng đầu tư doanh nghiệp,Hải Phòng
KH00115045,0.63025,0.15394999999999998,0.4898690104737265,0.2682070485292619,4.139158578011894,12,2025-12-01,0,0.0,0,0,68.30833333333334,77.05,52.7,84.3,32,Nữ,Chuyên viên nghiên cứu công đoàn,Hưng Yên
KH00115050,0.38375000000000004,0.0848,0.44765763150652216,0.2607367616720099,5.8973827791634355,12,2025-12-01,0,0.0,0,0,76.03333333333333,82.88333333333334,70.2,82.8,42,Nữ,Tổng giám đốc điều hành,Phú Thọ
KH00115085,0.6973499999999999,0.1981,0.5275562522039102,0.16850167188659076,5.721676964532752,12,2025-12-01,0,0.0,0,0,63.65,79.71666666666667,55.9,77.5,29,Nữ,Chuyên viên tư vấn tâm lý,Đà Nẵng
KH00115090,0.42405000000000004,0.15985,0.4563348594174355,0.29455799512745623,4.1298189504157605,12,2025-12-01,0,0.0,0,0,69.18333333333334,79.86666666666666,52.5,83.1,25,Nam,Nhà khoa học chất lượng nước,Thành phố Hồ Chí Minh
KH00115125,0.5708,0.1319,0.5400319616783202,0.1811566043507584,5.20994142259661,12,2025-12-01,0,0.0,0,0,70.8,78.35000000000001,51.5,75.9,92,Nam,Nhà khoa học nghiên cứu toán học,Phú Thọ
KH00115130,0.7576,0.16535,0.3323191167889793,0.20578015763926075,4.141811099461024,12,2025-12-01,2,0.16666666666666666,1,0,54.96666666666667,76.2,38.5,75.8,19,Nam,Nhà địa hóa học,Ninh Bình
KH00115165,0.54735,0.12775,0.54121064337156,0.1987271895128113,4.1298189504157605,12,2025-12-01,0,0.0,0,0,70.89999999999999,74.05,67.8,78.3,66,Nữ,Giáo sư danh dự,Đồng Tháp
KH00115170,0.41974999999999996,0.0875,0.447118667719055,0.21883152195252126,5.498533413218542,12,2025-12-01,0,0.0,0,0,73.94166666666666,81.61666666666666,62.5,80.5,36,Nữ,Kỹ sư hóa học,Hà Nội
KH00115205,0.7818,0.20155,0.4916410243113281,0.17184678346189097,5.216745712854225,12,2025-12-01,0,0.0,0,0,62.725,79.11666666666666,49.7,77.9,32,Nữ,Chuyên viên dự toán xây dựng,Quảng Trị
KH00115210,0.59825,0.1911,0.4953276033687628,0.22614552979281033,5.498533413218542,12,2025-12-01,0,0.0,0,0,67.15833333333333,80.68333333333334,62.8,77.9,35,Nữ,Quản lý sản xuất,Thành phố Hồ Chí Minh
KH00115245,0.82255,0.27244999999999997,0.5510151924284509,0.22271284679386025,4.81150661898592,12,2025-12-01,0,0.0,0,0,60.425000000000004,79.95833333333333,52.2,83.5,29,Nam,Chuyên viên sinh lý vận động,Thái Nguyên
KH00115250,0.6889000000000001,0.236,0.5730409661108893,0.1815760828614463,4.1364990019761345,12,2025-12-01,0,0.0,0,0,62.041666666666664,73.31666666666666,44.6,74.2,74,Nữ,Chuyên viên khảo sát bất động sản,Hà Nội
KH00115285,0.5490999999999999,0.1177,0.5819920960905043,0.19993351501703072,5.499896739946406,12,2025-12-01,0,0.0,0,0,70.09166666666667,80.60833333333333,54.1,79.5,57,Nữ,Nhà tâm lý học tư vấn,Lào Cai
KH00115290,0.43069999999999997,0.15560000000000002,0.43947325980061575,0.27149915304220695,5.901950039900234,12,2025-12-01,0,0.0,0,0,71.0,83.2,50.5,83.3,41,Nữ,Luật sư sở hữu trí tuệ,Đồng Tháp
KH00115325,0.57315,0.14595,0.26041426721363764,0.26368453691132576,4.814890716970161,12,2025-12-01,0,0.0,0,0,68.75833333333334,81.875,56.4,80.0,21,Nữ,Nhà địa hóa học,Hà Nội
KH00115330,0.687,0.17099999999999999,0.5279463871445984,0.17130455578954235,5.500577706945823,12,2025-12-01,0,0.0,0,0,64.97500000000001,79.88333333333334,54.4,78.1,65,Nam,Chuyên viên nghiên cứu xã hội,Bắc Ninh
KH00115365,0.77515,0.2119,0.40294434504485777,0.1789484755345166,5.4995560824741965,12,2025-12-01,0,0.0,0,0,65.15833333333333,79.31666666666666,55.3,79.4,31,Nam,Nhân viên phát triển cộng đồng,Hà Nội
KH00115370,0.7608,0.2598,0.0557531973588075,0.7455906151629578,2.3978952727983707,1,2025-05-01,0,0.0,0,0,56.0,52.7,56.0,52.7,57,Nam,Họa sĩ,Điện Biên
KH00115405,0.76475,0.15955,0.40218815819092485,0.17341608340996162,5.500918016630917,12,2025-12-01,0,0.0,0,0,65.63333333333334,79.25833333333334,59.3,79.7,27,Nam,Chuyên viên tư vấn nông nghiệp,Đắk Lắk
KH00115410,0.72925,0.1713,0.5550778523527229,0.26209505520173026,4.131158535344817,12,2025-12-01,0,0.0,0,0,64.96666666666667,76.45833333333333,58.7,73.1,66,Nam,Chuyên viên thuế cấp cao,Phú Thọ
KH00115445,0.7901499999999999,0.16435,0.5213942280238086,0.17125954163412893,4.813538451720147,12,2025-12-01,1,0.08333333333333333,1,0,58.01666666666667,79.18333333333334,53.6,79.0,30,Nữ,Nhà trị liệu tâm lý trẻ em,Lâm Đồng
KH00115450,0.5592999999999999,0.13369999999999999,0.44648668749060605,0.2500641667958328,5.718944722395879,12,2025-12-01,0,0.0,0,0,69.44166666666666,82.15833333333333,58.3,82.2,43,Nữ,Chuyên viên khảo sát nông thôn,Lâm Đồng
KH00115485,0.50875,0.12254999999999999,0.5438618409736544,0.1776747750259039,5.497168225293202,12,2025-12-01,0,0.0,0,0,69.95,78.45,61.4,79.1,64,Nữ,Quản lý quỹ hưu trí,Cần Thơ
KH00115490,0.6245499999999999,0.15155000000000002,0.42158530320512333,0.23944057912212052,5.497168225293202,12,2025-12-01,0,0.0,0,0,67.25833333333334,81.03333333333333,54.3,80.6,46,Nữ,Quản lý quán bar,Hà Nội
KH00115525,0.3631,0.09655,0.6021651422312758,0.1358688897207116,4.144456603649449,12,2025-12-01,0,0.0,0,0,77.24166666666666,72.84166666666667,72.7,75.1,30,Nữ,Giám đốc công nghệ,Cần Thơ
KH00115530,0.6714,0.18375000000000002,0.44030292117913905,0.25783582020449103,5.213122520484805,12,2025-12-01,0,0.0,0,0,64.86666666666666,82.43333333333334,50.5,85.9,38,Nữ,Chuyên viên quy hoạch và phát triển,Đắk Lắk
KH00115565,0.47525,0.11909999999999998,0.6033423662718377,0.11058477346161585,4.127134385045092,12,2025-12-01,0,0.0,0,0,73.26666666666667,71.59166666666667,56.7,84.4,71,Nữ,Phi công hàng không,Lạng Sơn
KH00115570,0.61565,0.20915,0.358776079217699,0.1561834705982855,4.139158578011894,12,2025-12-01,0,0.0,0,0,68.30833333333334,73.24166666666666,44.4,89.8,30,Nam,Chuyên viên quản lý khách hàng quảng cáo,Đồng Nai
KH00115605,0.4632,0.1543,0.1028041558176341,0.7496809108081891,2.302585092994046,1,2025-10-01,0,0.0,0,0,72.9,53.7,72.9,53.7,84,Nữ,Lập trình viên hệ thống,Cần Thơ
KH00115610,0.72795,0.1893,0.532193959436396,0.18939624003411543,5.211760431738461,12,2025-12-01,0,0.0,0,0,64.06666666666666,79.375,56.7,81.5,41,Nam,Biên tập viên chuyên đề tạp chí,Phú Thọ
KH00115645,0.6562,0.2417,0.0311185507427107,0.8619234218894639,2.3978952727983707,1,2025-05-01,0,0.0,0,0,62.4,48.0,62.4,48.0,50,Nam,Chuyên viên nhân sự,Đồng Tháp
KH00115650,0.9186,0.27525,0.42747342547960676,0.251673080475743,4.816915692349932,12,2025-12-01,1,0.08333333333333333,0,0,52.28333333333333,82.24166666666666,13.1,75.6,45,Nam,Cán bộ giáo dục môi trường,Hà Tĩnh
KH00115685,0.7024,0.17725000000000002,0.5006985868972686,0.21601629862585542,5.720858075446456,12,2025-12-01,0,0.0,0,0,63.10833333333333,81.425,51.9,80.1,47,Nam,Lính cứu hỏa,Đắk Lắk
KH00115690,0.71095,0.17595,0.5062652870303745,0.16818419787575378,5.903543665735512,12,2025-12-01,0,0.0,0,0,62.699999999999996,79.25833333333334,51.5,74.8,30,Nữ,Kiểm soát viên tài chính,An Giang
KH00115725,0.63705,0.21675,0.5333041488783348,0.19246645881350438,5.722222518283326,12,2025-12-01,0,0.0,0,0,64.95,80.19166666666666,56.3,76.0,33,Nam,Chuyên viên quy hoạch đô thị,Ninh Bình
KH00115730,0.719,0.2469,0.42836536667431047,0.2676292330907303,5.901494251378214,12,2025-12-01,0,0.0,0,0,61.55833333333334,82.39999999999999,43.5,80.4,28,Nữ,Kỹ thuật viên xạ trị,Tây Ninh
KH00115765,0.3928,0.0943,0.2612796625649712,0.7387203374350289,2.302585092994046,1,2025-03-01,0,0.0,0,0,77.2,46.3,77.2,46.3,80,Nam,Kiến trúc sư cảnh quan,Hưng Yên
KH00115770,0.7639,0.26935,0.5214987320899948,0.1458961556839101,4.132496328186477,12,2025-12-01,0,0.0,0,0,64.05833333333334,72.05833333333332,49.7,82.2,64,Nam,Người bán sách,Đồng Nai
KH00115805,0.7515499999999999,0.25229999999999997,0.6002979376595756,0.17339633891879425,4.808111029984782,12,2025-12-01,0,0.0,0,0,64.01666666666667,76.75,54.9,74.9,76,Nam,Nhà trị liệu tâm lý trẻ em,Lâm Đồng
KH00115810,0.7617,0.17754999999999999,0.5537456242297509,0.19289967691313425,4.141811099461024,12,2025-12-01,0,0.0,0,0,67.13333333333334,74.14999999999999,63.1,79.2,88,Nam,Điều dưỡng khuyết tật học tập,Bắc Ninh
KH00115845,0.59865,0.1297,0.5431800510919856,0.18571754945744473,4.816241156068032,12,2025-12-01,1,0.08333333333333333,1,0,68.175,78.425,56.7,82.7,79,Nữ,Chuyên viên tư vấn quan hệ công chúng,Nghệ An
KH00115850,0.6326,0.20135,0.44614457941580604,0.2551386969042164,5.217649463480582,12,2025-12-01,0,0.0,0,0,65.99166666666666,82.59166666666667,49.4,80.8,43,Nữ,Nhà dược lý học,Hưng Yên
KH00115885,0.47165,0.15885,0.5293158112770975,0.1707220632471653,4.813538451720147,12,2025-12-01,0,0.0,0,0,69.58333333333333,77.98333333333333,56.8,76.8,44,Nam,Kỹ sư hóa học,Hà Nội
KH00115890,0.61415,0.17535,0.3956167260031014,0.1752316591381053,5.213576138092946,12,2025-12-01,0,0.0,0,0,69.375,78.20833333333333,57.7,79.8,45,Nam,Chuyên viên dựng phim,Hà Nội
KH00115925,0.4344,0.11555,0.46202349143251464,0.23969379685352585,5.898526551448713,12,2025-12-01,0,0.0,0,0,72.50833333333334,82.125,56.8,83.9,30,Nữ,Giảng viên công nghệ thông tin,Ninh Bình
KH00115930,0.51995,0.10385,0.4961087437860561,0.18877923959746346,5.496484931792069,12,2025-12-01,0,0.0,0,0,68.99166666666666,79.50833333333334,55.3,79.4,44,Nữ,Nhà khoa học nghiên cứu khoa học tự nhiên,Hà Nội
KH00115965,0.8406,0.19405,0.5231714769321847,0.15348539896999214,4.815566164479798,12,2025-12-01,0,0.0,0,0,60.275,77.53333333333333,55.1,76.7,63,Nữ,Biên tập viên chuyên đề tạp chí,Lạng Sơn
KH00115970,0.6231500000000001,0.1328,0.5047017267781155,0.2176180669021767,5.722767774567282,12,2025-12-01,0,0.0,0,0,68.15833333333333,80.8,56.6,82.4,40,Nam,Chuyên viên nghiên cứu vận hành,Thành phố Hồ Chí Minh
KH00116005,0.39605,0.0911,0.49568440448565115,0.19758757102862629,4.816915692349932,12,2025-12-01,0,0.0,0,0,74.06666666666666,78.16666666666667,64.6,79.6,65,Nam,Kỹ sư mạng,Thành phố Hồ Chí Minh
KH00116010,0.6494500000000001,0.21115,0.49265840488707935,0.12616587028201964,5.212668697014343,12,2025-12-01,0,0.0,0,0,63.85833333333333,77.45,49.5,75.0,70,Nam,Nhân viên y tế cộng đồng,Thành phố Hồ Chí Minh
KH00116045,0.78365,0.28264999999999996,0.5359574534508484,0.1249982167856454,4.814890716970161,12,2025-12-01,0,0.0,0,0,58.63333333333333,76.46666666666667,44.1,85.2,54,Nữ,Nhà sinh thái học,Hưng Yên
KH00116050,0.7242,0.239,0.46664808999138596,0.1512467974643239,4.814214812922799,12,2025-12-01,1,0.08333333333333333,0,0,60.35,76.43333333333334,49.8,81.0,69,Nữ,Chuyên viên hoạch định quảng cáo,Vĩnh Long
KH00116085,0.7538,0.1644,0.5513526496843983,0.14753513242576094,4.132496328186477,12,2025-12-01,0,0.0,0,0,64.83333333333333,73.48333333333333,47.5,85.9,60,Nam,Chuyên viên dự toán xây dựng,Lâm Đồng
KH00116090,0.815,0.19485,0.495159559601307,0.18725081884989886,4.814214812922799,12,2025-12-01,1,0.08333333333333333,0,0,57.85,78.64166666666667,10.8,78.0,55,Nữ,Nhạc sĩ,Sơn La
KH00116125,0.7613,0.2025,0.2032589281259666,0.8520610275701728,2.0794415416798357,1,2025-09-01,0,0.0,0,0,60.2,45.8,60.2,45.8,57,Nữ,Chuyên viên xúc tiến bán hàng,Lào Cai
KH00116130,0.73465,0.17604999999999998,0.5406065178858366,0.1965119072454305,5.499896739946406,12,2025-12-01,1,0.08333333333333333,0,0,63.40833333333333,79.64166666666667,38.6,76.6,85,Nữ,Nhà thiết kế sản phẩm,Thành phố Hồ Chí Minh
KH00116165,0.50295,0.17715,0.5463208792989291,0.21046248594208844,4.132496328186477,12,2025-12-01,0,0.0,0,0,70.76666666666667,74.76666666666667,47.5,84.4,73,Nam,Kỹ sư kết cấu,Quảng Ninh
KH00116170,0.6741999999999999,0.21855000000000002,0.4848925935478574,0.17594868065063524,5.212214667494625,12,2025-12-01,0,0.0,0,0,64.7,79.20833333333333,51.5,76.6,74,Nam,Nhà trị liệu tâm lý trẻ em,Đà Nẵng
KH00116205,0.72415,0.16199999999999998,0.5021577726903561,0.20348730506037338,4.1298189504157605,12,2025-12-01,0,0.0,0,0,64.5,73.33333333333333,46.4,81.0,61,Nữ,Biên tập viên chuyên đề tạp chí,An Giang
KH00116210,0.6531,0.1378,0.5303868330330783,0.18792964256551245,5.500918016630917,12,2025-12-01,0,0.0,0,0,67.14166666666667,79.81666666666668,55.1,81.9,83,Nam,Chuyên viên khảo sát công trình,Hà Nội
KH00116245,0.5357000000000001,0.13715,0.4444223644782638,0.25496252257644425,4.816915692349932,12,2025-12-01,0,0.0,0,0,69.03333333333333,80.30833333333334,55.1,84.0,26,Nữ,Nhà khảo cổ học,Hà Nội
KH00116250,0.60025,0.1325,0.5644347366935203,0.17091085151103014,5.5002372814106195,12,2025-12-01,0,0.0,0,0,69.71666666666667,78.60833333333333,55.0,81.3,60,Nam,Kỹ sư năng lượng,An Giang
KH00116285,0.539,0.13019999999999998,0.4934948326294003,0.18746721859118043,5.499215308914927,12,2025-12-01,0,0.0,0,0,70.05,79.97500000000001,60.8,80.1,64,Nam,Nhà khoa học thính học,Lâm Đồng
KH00116290,0.8351,0.20075,0.5315677006488138,0.16747221211247434,4.812861632743379,12,2025-12-01,0,0.0,0,0,62.65833333333333,78.01666666666667,57.0,77.0,37,Nữ,Nhà thiết kế web,Sơn La
KH00116325,0.81955,0.26325,0.44012637001069377,0.24994610137299395,5.501258210544727,12,2025-12-01,0,0.0,0,0,60.050000000000004,82.90833333333333,47.8,83.3,49,Nữ,Cán bộ thủy sản,Vĩnh Long
KH00116330,0.80465,0.19315,0.44108289150084157,0.2281597869990037,5.499896739946406,12,2025-12-01,0,0.0,0,0,63.84166666666667,81.45,52.8,82.5,33,Nữ,Chuyên viên tư vấn tâm lý,Vĩnh Long
KH00116365,0.5536,0.12515,0.5743683819467678,0.12549253589182222,5.214029550025447,12,2025-12-01,0,0.0,0,0,68.64999999999999,76.03333333333333,49.6,76.2,62,Nam,Quản lý tổng đài,Gia Lai
KH00116370,0.3954,0.085,0.1924989689721258,0.8075010310278742,2.1972245773362196,1,2025-04-01,0,0.0,0,0,76.5,51.3,76.5,51.3,79,Nam,Giám đốc tiếp thị,Đắk Lắk
KH00116405,0.64025,0.13615,0.5399008249985815,0.13806320123501625,4.128477568591559,12,2025-12-01,0,0.0,0,0,67.28333333333333,71.89166666666667,57.5,77.1,62,Nữ,Chuyên viên thu mua công nghiệp,Hải Phòng
KH00116410,0.7704,0.17135,0.558368285393505,0.18058553985228332,4.812861632743379,12,2025-12-01,0,0.0,0,0,64.55,78.0,57.3,78.2,58,Nam,Sĩ quan hậu cần quân đội,Hà Nội
KH00116445,0.4535,0.09,0.2294195862580784,0.3896595442035931,2.772588722239781,1,2025-03-01,0,0.0,0,0,73.5,44.5,73.5,44.5,21,Nữ,Phi công hàng không,Lâm Đồng
KH00116450,0.7721,0.1898,0.5009070752050585,0.14311479041149272,4.1404857182199555,12,2025-12-01,0,0.0,0,0,62.81666666666666,71.80833333333332,54.6,72.1,59,Nữ,Chuyên viên trị liệu bằng làm vườn,Hải Phòng
KH00116485,0.8405,0.1901,0.2393072852637768,0.0,2.0794415416798357,1,2025-07-01,0,0.0,0,0,56.0,17.6,56.0,17.6,71,Nữ,Vũ công,Thành phố Hồ Chí Minh
KH00116490,0.6961999999999999,0.21815,0.49343017411883217,0.1821117956605341,5.213576138092946,12,2025-12-01,0,0.0,0,0,65.14999999999999,78.5,46.4,76.4,50,Nữ,Nhà thiết kế gốm sứ,Tây Ninh
KH00116525,0.51395,0.1933,0.5303216961466349,0.18642572147336212,5.499896739946406,12,2025-12-01,0,0.0,0,0,67.05,80.09166666666667,52.6,77.4,75,Nữ,Kỹ sư đóng tàu,Hà Nội
KH00116530,0.47545000000000004,0.09865,0.3816187181184213,0.1908933834890988,5.214482756468736,12,2025-12-01,0,0.0,0,0,74.55,78.875,63.4,80.1,40,Nam,Kỹ sư nông nghiệp,Lâm Đồng
KH00116565,0.60155,0.175,0.5865721523718834,0.1648693158368023,4.81150661898592,12,2025-12-01,0,0.0,0,0,65.7,76.43333333333334,56.9,73.7,58,Nam,Quản lý dịch vụ y tế,Phú Thọ
KH00116570,0.5922499999999999,0.132,0.4821116836368252,0.19493669945110234,5.217649463480582,12,2025-12-01,0,0.0,0,0,66.84166666666667,81.425,63.2,79.8,44,Nam,Nhà tâm lý học thể thao,Cần Thơ
KH00116605,0.4814,0.1264,0.198704341133786,0.1947547804906927,2.3978952727983707,1,2025-07-01,0,0.0,0,0,72.3,29.1,72.3,29.1,63,Nam,Nhà tâm lý học pháp y,Phú Thọ
KH00116610,0.69045,0.21125,0.4885793953263249,0.19900906343297103,5.722222518283326,12,2025-12-01,0,0.0,0,0,62.5,80.93333333333334,48.6,77.5,45,Nam,Nhà thiết kế triển lãm,Đắk Lắk
KH00116645,0.7926,0.1864,0.0957137070231404,0.732296571978328,2.302585092994046,1,2025-06-01,0,0.0,0,0,57.9,47.8,57.9,47.8,71,Nam,Điều dưỡng nhi khoa,Khánh Hòa
KH00116650,0.57755,0.1904,0.4369713815221013,0.28963326064051675,4.814214812922799,12,2025-12-01,0,0.0,0,0,67.95,82.72500000000001,55.5,82.1,42,Nữ,Nhà giao dịch tài chính,Thanh Hóa
KH00116685,0.57255,0.17504999999999998,0.5627612308141223,0.15664068096959624,4.1364990019761345,12,2025-12-01,0,0.0,0,0,66.65833333333333,74.22500000000001,57.1,75.4,29,Nam,Nhà trị liệu tâm lý trẻ em,Thành phố Hồ Chí Minh
KH00116690,0.72885,0.1411,0.37062091574898604,0.17997659345149286,4.814890716970161,12,2025-12-01,0,0.0,0,0,67.29166666666667,77.50833333333334,53.0,86.3,42,Nam,Chuyên viên phục chế bảo tàng,Thành phố Hồ Chí Minh
KH00116725,0.668,0.1924,0.0870500217879719,0.6750705986881943,2.3978952727983707,1,2025-04-01,0,0.0,0,0,63.3,48.1,63.3,48.1,19,Nam,Chuyên viên cắt tỉa cây,Khánh Hòa
KH00116730,0.5443,0.13555,0.49918620717158524,0.22402858867057657,5.211305989558407,12,2025-12-01,0,0.0,0,0,68.25833333333334,82.48333333333333,53.7,79.7,48,Nam,Nhà khoa học y sinh,Thành phố Hồ Chí Minh
KH00116765,0.85885,0.28025,0.4087588279451519,0.27372759656373924,4.143134726391533,12,2025-12-01,0,0.0,0,0,60.675000000000004,78.05833333333334,48.3,86.1,27,Nữ,Nhân viên phát triển cộng đồng,An Giang
KH00116770,0.6355,0.1476,0.532351470291239,0.12558759200818745,4.143134726391533,12,2025-12-01,0,0.0,0,0,66.64999999999999,71.24166666666666,47.5,72.1,34,Nữ,Chuyên viên công nghệ màu sắc,Nghệ An
KH00116805,0.728,0.2337,0.3073732012493054,0.6926267987506946,2.4849066497880004,1,2025-03-01,0,0.0,0,0,59.1,53.4,59.1,53.4,82,Nam,Nhà thiết kế sản phẩm công nghiệp,Quảng Ngãi
KH00116810,0.50685,0.1011,0.47789730521079143,0.15718638411778318,5.498533413218542,12,2025-12-01,0,0.0,0,0,69.45,78.125,49.3,77.6,45,Nam,Kỹ sư khoan,Hà Nội
KH00116845,0.6825,0.2225,0.5302990348106218,0.2188546398878502,5.214935757608986,12,2025-12-01,0,0.0,0,0,63.449999999999996,80.74166666666666,54.3,80.1,58,Nam,Chuyên viên dự toán xây dựng,Đồng Nai
KH00116850,0.8067500000000001,0.20024999999999998,0.5817209633511369,0.21652973834589553,4.133832333729219,12,2025-12-01,0,0.0,0,0,62.59166666666667,77.30833333333334,54.6,74.8,31,Nam,Chuyên viên trị liệu nghệ thuật,Quảng Ngãi
KH00116885,0.72075,0.23185,0.5570020570036223,0.21565697227372016,4.813538451720147,12,2025-12-01,0,0.0,0,0,63.166666666666664,78.5,50.6,83.2,59,Nữ,Chuyên viên công nghệ kiến trúc,Nghệ An
KH00116890,0.47115,0.18625000000000003,0.5284878109746052,0.18308904645385682,5.498192290922892,12,2025-12-01,0,0.0,0,0,71.35833333333333,80.325,59.0,78.1,66,Nữ,Luật sư sáng chế,Tuyên Quang
KH00116925,0.5257000000000001,0.10685,0.5010107691973824,0.1799979040381271,5.212214667494625,12,2025-12-01,0,0.0,0,0,73.06666666666668,78.75833333333334,65.2,79.3,54,Nam,Nhà giao dịch cổ phiếu,Vĩnh Long
KH00116930,0.4457,0.16599999999999998,0.49699362545052683,0.2366396113438472,5.721404076006021,12,2025-12-01,0,0.0,0,0,66.73333333333333,81.96666666666667,45.4,83.7,35,Nam,Nhà khoa học địa chất,Thanh Hóa
KH00116965,0.4748,0.1268,0.5260472335037718,0.21732445050593097,5.2158411447237985,12,2025-12-01,0,0.0,0,0,70.18333333333334,80.40833333333333,49.0,75.0,75,Nam,Chuyên viên phân tích hệ thống,Thành phố Hồ Chí Minh
KH00116970,0.8351999999999999,0.20984999999999998,0.3741869542446689,0.18076617903976006,4.814214812922799,12,2025-12-01,0,0.0,0,0,62.65,78.91666666666667,53.0,79.3,30,Nam,Chuyên viên gây quỹ từ thiện,Thái Nguyên
KH00117005,0.50755,0.1207,0.5508518422129551,0.15700708580955924,5.213576138092946,12,2025-12-01,0,0.0,0,0,71.84166666666667,76.84166666666667,55.2,77.3,79,Nam,Kỹ sư dầu khí,Cà Mau
KH00117010,0.5486,0.11865,0.534967927371877,0.2537551467483788,4.135166556742356,12,2025-12-01,0,0.0,0,0,70.11666666666666,76.96666666666667,62.2,75.2,67,Nữ,Nhà khoa học thổ nhưỡng,Quảng Ninh
KH00117045,0.76715,0.1528,0.466038851372814,0.2627533192980853,5.216293531069446,12,2025-12-01,0,0.0,0,0,64.22500000000001,82.70833333333333,56.2,81.4,34,Nữ,Cán bộ trại giam,Bắc Ninh
KH00117050,0.71295,0.20435,0.4408174734463991,0.1945280966131091,4.133832333729219,12,2025-12-01,0,0.0,0,0,66.06666666666666,75.25833333333334,53.2,77.0,27,Nam,Nhà kinh tế học,Cần Thơ
KH00117085,0.5555,0.18735000000000002,0.4777447331967689,0.2491854124426945,5.7192182827860405,12,2025-12-01,0,0.0,0,0,68.04166666666667,83.24166666666666,52.8,82.4,36,Nữ,Chuyên viên viết nội dung quảng cáo,Đồng Tháp
KH00117090,0.54035,0.19785,0.4519919879259213,0.16143946943846477,4.814214812922799,12,2025-12-01,0,0.0,0,0,70.25,75.85833333333333,57.3,79.2,29,Nam,Quản lý trường quay,Bắc Ninh
KH00117125,0.5367999999999999,0.18705,0.5665661154636608,0.18120849647303566,4.1404857182199555,12,2025-12-01,0,0.0,0,0,71.63333333333334,72.63333333333334,61.9,73.7,55,Nam,Giảng viên đại học,Huế
KH00117130,0.66365,0.17435,0.5157652525121215,0.23615040852382152,4.1404857182199555,12,2025-12-01,0,0.0,0,0,66.2,75.28333333333333,49.4,71.2,49,Nữ,Chuyên viên kinh doanh công nghệ thông tin,Thành phố Hồ Chí Minh
KH00117165,0.8888,0.30845,0.5007314420925605,0.17773429374163524,5.901266279189834,12,2025-12-01,1,0.08333333333333333,0,0,54.6,79.51666666666667,34.0,77.8,25,Nữ,Cán bộ triển lãm bảo tàng,Vĩnh Long
KH00117170,0.80985,0.2549,0.42662183577149676,0.18540827694056616,5.498533413218542,12,2025-12-01,0,0.0,0,0,62.46666666666667,79.54166666666667,47.0,83.6,44,Nam,Nhân viên giao nhận vận tải,Thanh Hóa
KH00117205,0.8327,0.18525,0.48658127702689913,0.1734362655069027,5.213122520484805,12,2025-12-01,0,0.0,0,0,61.699999999999996,78.10000000000001,52.0,79.4,68,Nữ,Nhà địa chất công trình,Quảng Ngãi
KH00117210,0.5406500000000001,0.19135000000000002,0.44961752899449636,0.2100981435837751,4.131158535344817,12,2025-12-01,0,0.0,0,0,65.56666666666666,76.75,50.6,79.0,70,Nữ,Chuyên viên khảo sát thủy văn,Thành phố Hồ Chí Minh
KH00117245,0.3624,0.08524999999999999,0.501567744508191,0.19710420310879526,5.500918016630917,12,2025-12-01,0,0.0,0,0,74.73333333333333,81.11666666666666,70.7,81.6,34,Nam,Luật sư sở hữu trí tuệ,Thành phố Hồ Chí Minh
KH00117250,0.6493,0.17385,0.2771053351374305,0.27063366746683204,5.213576138092946,12,2025-12-01,0,0.0,0,0,65.10000000000001,83.81666666666666,54.2,83.9,23,Nam,Chuyên viên quan hệ công chúng,Đồng Nai
KH00117285,0.5422,0.1714,0.0943279452453764,0.7967862603757099,2.5649493574615367,1,2025-02-01,0,0.0,0,0,69.5,48.9,69.5,48.9,59,Nữ,Kỹ sư công trường,Lâm Đồng
KH00117290,0.7872,0.22039999999999998,0.49538297699295886,0.15415718894465885,4.814890716970161,12,2025-12-01,0,0.0,0,0,64.54166666666667,74.89999999999999,55.6,77.7,60,Nữ,Cán bộ quan hệ sắc tộc,Tuyên Quang
KH00117325,0.45694999999999997,0.12835000000000002,0.3865260818629973,0.1909826830074896,5.215388553632117,12,2025-12-01,0,0.0,0,0,73.72500000000001,79.47500000000001,66.4,81.6,31,Nam,Bác sĩ chuyên khoa bàn chân,Vĩnh Long
KH00117330,0.7454000000000001,0.26885,0.3647559676944915,0.16290156704219738,4.128477568591559,12,2025-12-01,0,0.0,0,0,62.23333333333333,72.68333333333334,52.5,81.5,42,Nam,Chuyên viên công nghệ dệt may,Cần Thơ
KH00117365,0.6151,0.1587,0.5296609634705272,0.213892006197241,5.721676964532752,12,2025-12-01,0,0.0,0,0,67.125,80.61666666666666,52.9,79.7,47,Nam,Chuyên viên trưng bày bán lẻ,Đồng Nai
KH00117370,0.4895,0.1139,0.49588128508606594,0.1679786222254451,5.214482756468736,12,2025-12-01,0,0.0,0,0,71.05,78.56666666666666,52.9,80.2,84,Nữ,Kỹ sư xây dựng thi công,Tuyên Quang
KH00117405,0.60395,0.16745,0.5385721275130446,0.21075897205186706,5.495116942522644,12,2025-12-01,0,0.0,0,0,66.38333333333334,79.5,49.6,80.3,90,Nữ,Chuyên viên trang điểm,Bắc Ninh
KH00117410,0.6188,0.1335,0.0,0.6394476534588495,2.5649493574615367,1,2025-09-01,0,0.0,0,0,66.9,54.6,66.9,54.6,52,Nam,Chuyên viên quản lý khách hàng quảng cáo,Thành phố Hồ Chí Minh
KH00117445,0.6087,0.2135,0.2505879627979902,0.2248066849588426,2.302585092994046,1,2025-04-01,0,0.0,0,0,66.0,38.4,66.0,38.4,90,Nữ,Chuyên viên cắt tỉa cây,Hà Nội
KH00117450,0.47905,0.11075,0.5265368695054451,0.15502904067800524,5.718671087149952,12,2025-12-01,0,0.0,0,0,71.50833333333334,78.69166666666666,64.0,76.1,35,Nữ,Kỹ sư năng lượng,An Giang
KH00117485,0.7609,0.18855,0.4498146411598068,0.2519097339421005,5.900125638025898,12,2025-12-01,0,0.0,0,0,62.65833333333333,83.33333333333333,53.8,83.4,37,Nữ,Giáo viên tiếng anh,Thanh Hóa
KH00117490,0.6314500000000001,0.16155,0.4181748584019743,0.22885224542033267,5.213122520484805,12,2025-12-01,0,0.0,0,0,68.30833333333334,81.09166666666667,57.5,82.6,29,Nữ,Chuyên viên thu mua công nghiệp,Thành phố Hồ Chí Minh
KH00117525,0.7601,0.30874999999999997,0.4159376849568418,0.15702876777226943,4.135166556742356,12,2025-12-01,1,0.08333333333333333,1,0,60.85833333333333,73.36666666666666,53.5,76.5,41,Nam,Trợ lý sản xuất truyền hình,Vĩnh Long
KH00117530,0.8089999999999999,0.2383,0.5018328857645001,0.24556411250324411,4.1298189504157605,12,2025-12-01,1,0.08333333333333333,1,0,57.824999999999996,76.94166666666666,51.0,79.6,34,Nam,Nhà địa chấn học hiện trường,Thanh Hóa
KH00117565,0.53495,0.1621,0.5291617393289902,0.1681825058119502,4.814890716970161,12,2025-12-01,0,0.0,0,0,66.64166666666667,77.80833333333334,48.6,80.3,27,Nam,Nhà tâm lý học thể thao,Hưng Yên
KH00117570,0.4636,0.1402,0.2560306007893123,0.27080696305612384,4.809470649500821,12,2025-12-01,0,0.0,0,0,71.96666666666667,81.41666666666667,60.5,80.9,19,Nam,Kỹ sư trắc địa,Đắk Lắk
KH00117605,0.4889,0.19169999999999998,0.5028169372632605,0.19254255950089788,4.813538451720147,12,2025-12-01,0,0.0,0,0,69.64166666666667,76.55,61.2,80.3,61,Nam,Kỹ sư ô tô,Lâm Đồng
KH00117610,0.64025,0.1877,0.4651808885858639,0.23700858884520254,5.214029550025447,12,2025-12-01,0,0.0,0,0,68.41666666666667,81.91666666666667,55.7,82.7,49,Nữ,Giáo viên giáo dục đặc biệt,Nghệ An
KH00117645,0.72985,0.1562,0.5122883599853348,0.2153939318571346,5.72194977861165,12,2025-12-01,0,0.0,0,0,65.35833333333333,81.31666666666666,57.0,80.2,40,Nam,Nhạc sĩ,Đắk Lắk
KH00117650,0.83335,0.16205,0.4741248188340226,0.1710690838592319,4.812184355372417,12,2025-12-01,0,0.0,0,0,64.16666666666667,76.89166666666667,60.3,78.1,73,Nam,Nhà thiết kế đa phương tiện,Đồng Tháp
KH00117685,0.7649999999999999,0.263,0.4284292472067605,0.1673367390592297,5.503296947234575,12,2025-12-01,0,0.0,0,0,58.38333333333333,80.13333333333334,46.6,84.4,23,Nam,Chuyên viên trị liệu dinh dưỡng,Huế
KH00117690,0.78,0.203,0.4500921019555867,0.23604116521228707,5.902633333401366,12,2025-12-01,0,0.0,0,0,62.19166666666666,81.81666666666666,49.4,81.5,32,Nữ,Trình dược viên,Bắc Ninh
KH00117725,0.4514,0.10675,0.5626343560074958,0.13754365644768263,4.808791070813437,12,2025-12-01,0,0.0,0,0,74.48333333333333,76.38333333333334,56.7,79.2,47,Nữ,Nhà khoa học phát triển sản phẩm,Thanh Hóa
KH00117730,0.471,0.1817,0.5442817582994404,0.17365074674769904,4.816915692349932,12,2025-12-01,0,0.0,0,0,71.54166666666667,76.93333333333334,61.6,80.7,78,Nam,Bác sĩ đa khoa,Thanh Hóa
KH00117765,0.53115,0.15595,0.5337432070478089,0.18122719035542414,5.498533413218542,12,2025-12-01,0,0.0,0,0,70.18333333333334,78.23333333333333,61.2,75.7,69,Nữ,Kỹ sư khai thác mỏ,Lào Cai
KH00117770,0.69545,0.1638,0.5642427773176473,0.16403772108048545,4.133832333729219,12,2025-12-01,0,0.0,0,0,67.47500000000001,72.85000000000001,61.3,76.0,61,Nữ,Nhà báo,Lạng Sơn
KH00117805,0.66665,0.25955,0.5755901218831969,0.17898179586709156,5.4995560824741965,12,2025-12-01,0,0.0,0,0,63.03333333333333,79.10833333333333,48.0,81.7,47,Nữ,Nhà sản xuất phát thanh,Thành phố Hồ Chí Minh
KH00117810,0.56745,0.14715,0.4353027888917394,0.25112463522139483,5.90377111939281,12,2025-12-01,0,0.0,0,0,70.15833333333333,82.84166666666667,53.7,83.4,27,Nữ,Kỹ sư điện,Ninh Bình
KH00117845,0.82225,0.252,0.5355697449927839,0.1238317019297184,4.137829674161839,12,2025-12-01,3,0.25,1,0,49.800000000000004,72.45833333333333,8.1,75.5,77,Nam,Nhà thiết kế bối cảnh phim,Cà Mau
KH00117850,0.78705,0.22085,0.5312274772184593,0.2057611203909308,5.2108513407667605,12,2025-12-01,0,0.0,0,0,62.0,79.68333333333334,44.4,84.5,34,Nam,Chuyên viên tư vấn tài chính,Phú Thọ
KH00117885,0.5353,0.15965000000000001,0.5246369300056198,0.1914335149644452,5.902633333401366,12,2025-12-01,0,0.0,0,0,68.25833333333334,80.29166666666667,52.8,80.2,49,Nữ,Kỹ sư vật liệu,Tuyên Quang
KH00117890,0.7678,0.2577,0.2080596036439624,0.6388065613177267,2.3978952727983707,1,2025-03-01,0,0.0,0,0,57.9,49.9,57.9,49.9,89,Nữ,Chuyên viên dự toán xây dựng,Thành phố Hồ Chí Minh
KH00117925,0.5035,0.1162,0.49915388215893547,0.21264592773285196,5.497851052223113,12,2025-12-01,0,0.0,0,0,69.27499999999999,80.09166666666665,54.0,80.7,48,Nữ,Kỹ sư khai thác mỏ,Vĩnh Long
KH00117930,0.5578,0.2223,0.3569342456815353,0.18292799374669166,4.817589773939326,12,2025-12-01,0,0.0,0,0,67.89999999999999,78.10000000000001,54.6,77.7,39,Nam,Nhà khoa học nghiên cứu khoa học tự nhiên,Hải Phòng
KH00117965,0.6944,0.24609999999999999,0.4852717583578247,0.1161688260083058,4.139158578011894,12,2025-12-01,1,0.08333333333333333,1,0,63.675000000000004,74.34166666666667,37.5,88.6,50,Nam,Giáo viên dạy nhạc,Bắc Ninh
KH00117970,0.84065,0.2359,0.5176063881822683,0.16667513083641314,4.814214812922799,12,2025-12-01,1,0.08333333333333333,1,0,58.40833333333333,77.2,47.0,80.4,51,Nam,Nhà địa chấn học hiện trường,Bắc Ninh
KH00118005,0.78965,0.18309999999999998,0.5289694210273013,0.18025431946688736,4.812184355372417,12,2025-12-01,0,0.0,0,0,65.05833333333334,77.11666666666666,45.0,85.6,60,Nữ,Chuyên viên thuế cấp cao,Quảng Ngãi
KH00118010,0.66835,0.1478,0.576803307622815,0.15566224598838604,5.902405620773717,12,2025-12-01,0,0.0,0,0,67.90833333333333,78.44166666666666,49.7,79.0,32,Nữ,Thanh tra thuế,Huế
KH00118045,0.6892,0.23855,0.5631536437161881,0.15247345766484843,5.214935757608986,12,2025-12-01,1,0.08333333333333333,0,0,61.60833333333333,78.40833333333333,43.2,77.3,46,Nữ,Thủ thư thư viện công cộng,Hải Phòng
KH00118050,0.7837000000000001,0.16855,0.5512818944943934,0.18488544777670524,4.814214812922799,12,2025-12-01,0,0.0,0,0,64.69166666666666,77.14166666666667,53.0,82.7,64,Nữ,Cán bộ trại giam,Hà Nội
KH00118085,0.5181,0.12935000000000002,0.45566413320433785,0.18547777076705846,5.723857396031667,12,2025-12-01,0,0.0,0,0,65.925,82.34166666666667,51.8,76.7,25,Nữ,Giảng viên giáo dục thường xuyên,Đà Nẵng
KH00118090,0.6386000000000001,0.17785,0.4947916409645674,0.1404884354408425,4.133832333729219,12,2025-12-01,0,0.0,0,0,67.96666666666667,72.73333333333333,56.4,77.5,68,Nam,Chuyên viên trị liệu âm nhạc,Cà Mau
KH00118125,0.7116,0.2205,0.45432482360313575,0.24720087105779315,5.721131112990814,12,2025-12-01,0,0.0,0,0,63.74166666666667,82.21666666666667,52.6,83.4,39,Nữ,Nhạc sĩ,Thành phố Hồ Chí Minh
KH00118130,0.6461,0.1499,0.0509524044598339,0.6005049400912559,2.0794415416798357,1,2025-03-01,0,0.0,0,0,66.2,45.6,66.2,45.6,57,Nữ,Chuyên viên xúc tiến bán hàng,Đà Nẵng
KH00118165,0.6802,0.1867,0.1949913181696455,0.8073670297773823,2.302585092994046,1,2025-04-01,0,0.0,0,0,62.7,57.2,62.7,57.2,20,Nữ,Nhà thiết kế đa phương tiện,Điện Biên
KH00118170,0.6577999999999999,0.21794999999999998,0.4974504327932178,0.16023866612019985,5.498192290922892,12,2025-12-01,0,0.0,0,0,63.525000000000006,77.7,49.0,81.8,68,Nữ,Chuyên viên nghiên cứu chương trình,Phú Thọ
KH00118205,0.46745000000000003,0.10365,0.46421941692709295,0.23020906185277845,5.901494251378214,12,2025-12-01,0,0.0,0,0,71.94166666666666,81.58333333333333,61.6,81.1,45,Nữ,Kỹ sư cấp thoát nước,Hải Phòng
KH00118210,0.5713999999999999,0.1986,0.5570542668523377,0.1923884319066399,4.812861632743379,12,2025-12-01,0,0.0,0,0,68.79166666666667,76.925,54.8,80.3,63,Nam,Kỹ thuật viên phòng thí nghiệm,Thành phố Hồ Chí Minh
KH00118245,0.6816500000000001,0.1935,0.39003377659871463,0.1974755549233131,4.814214812922799,12,2025-12-01,0,0.0,0,0,65.8,78.11666666666666,56.6,79.9,46,Nam,Chuyên viên giám định tổn thất công chứng,Cần Thơ
KH00118250,0.3854,0.0887,0.0298552079900048,0.7885645738638541,2.4849066497880004,1,2025-12-01,0,0.0,0,0,77.3,45.3,77.3,45.3,71,Nữ,Kiến trúc sư,Vĩnh Long
KH00118285,0.72505,0.1729,0.5086319234203639,0.16908511527324244,4.1404857182199555,12,2025-12-01,0,0.0,0,0,64.75833333333334,73.72500000000001,56.5,73.8,59,Nữ,Cán bộ hành chính địa phương,An Giang
KH00118290,0.5395,0.20755,0.5396711140229439,0.17459408993182415,4.1404857182199555,12,2025-12-01,0,0.0,0,0,67.85000000000001,72.20833333333333,53.3,77.5,77,Nữ,Kế toán viên công chứng,An Giang
KH00118325,0.6329,0.1864,0.5056788631258597,0.1745623097352095,5.214935757608986,12,2025-12-01,0,0.0,0,0,67.45,79.3,58.3,81.6,55,Nam,Kỹ thuật viên chẩn đoán hình ảnh,Cà Mau
KH00118330,0.58475,0.1487,0.5002187071252963,0.1636320270426004,5.214935757608986,12,2025-12-01,0,0.0,0,0,67.675,78.78333333333333,52.3,76.5,34,Nữ,Quản lý hệ thống thông tin,Hà Nội
KH00118365,0.8068,0.23754999999999998,0.5565309676809376,0.1543936418762044,5.216745712854225,12,2025-12-01,0,0.0,0,0,62.60833333333333,77.88333333333334,51.0,80.5,78,Nam,Giáo viên trung học,Lào Cai
KH00118370,0.36695,0.07665,0.5524648434657617,0.18446249514699542,4.135166556742356,12,2025-12-01,1,0.08333333333333333,0,0,73.43333333333332,72.58333333333333,68.0,76.9,62,Nam,Thư ký luật sư tranh tụng,Hưng Yên
KH00118405,0.7295,0.2336,0.3768432835901464,0.17564065086462066,4.141811099461024,12,2025-12-01,0,0.0,0,0,64.175,73.99166666666666,53.9,78.1,44,Nam,Trợ lý chính trị gia,Khánh Hòa
KH00118410,0.70715,0.23985,0.5169436480716422,0.083107006963545,4.131158535344817,12,2025-12-01,0,0.0,0,0,61.88333333333333,72.15833333333333,55.6,74.4,48,Nam,Chuyên viên làm vườn thương mại,Tuyên Quang
KH00118445,0.6373,0.22425,0.47526666343991564,0.16300048636271114,4.812861632743379,12,2025-12-01,0,0.0,0,0,64.3,78.625,47.5,78.2,57,Nữ,Lập trình viên ứng dụng,Cần Thơ
KH00118450,0.69045,0.18514999999999998,0.5057636048143077,0.15680049843181976,4.1404857182199555,12,2025-12-01,0,0.0,0,0,66.39999999999999,74.05,62.6,71.3,78,Nam,Người quay phim truyền hình,Đắk Lắk
KH00118485,0.88305,0.21355000000000002,0.5786668010652609,0.14575549839019608,4.132496328186477,12,2025-12-01,2,0.16666666666666666,1,0,54.75833333333333,71.70833333333333,35.4,74.3,56,Nữ,Sĩ quan huấn luyện quân đội,Gia Lai
KH00118490,0.6153,0.15855,0.5141517821698279,0.1887777264032483,5.898526551448713,12,2025-12-01,0,0.0,0,0,65.05,79.74166666666666,51.7,79.8,42,Nữ,Giáo viên giáo dục đặc biệt,Lạng Sơn
KH00118525,0.5782,0.14855000000000002,0.5564470699495183,0.16878960866721535,5.901722171607121,12,2025-12-01,0,0.0,0,0,68.80833333333332,78.88333333333334,51.9,77.5,39,Nữ,Nhà tâm lý học pháp y,Phú Thọ
KH00118530,0.7979,0.1716,0.5043857298262253,0.15435949957859815,5.216293531069446,12,2025-12-01,1,0.08333333333333333,0,0,57.21666666666667,78.52499999999999,40.6,75.9,50,Nam,Chuyên viên kỹ xảo,Thái Nguyên
KH00118565,0.5513,0.11130000000000001,0.5405006063521369,0.15547877965225548,5.4975096970397335,12,2025-12-01,0,0.0,0,0,70.175,78.00833333333334,60.9,77.2,55,Nữ,Chuyên viên ngân hàng đầu tư doanh nghiệp,Cần Thơ
KH00118570,0.8067,0.29575,0.4816864448626845,0.18661785293551936,5.901266279189834,12,2025-12-01,0,0.0,0,0,57.38333333333333,79.36666666666666,44.9,83.9,48,Nữ,Nhà miễn dịch học,Lâm Đồng
KH00118605,0.45630000000000004,0.11424999999999999,0.5390279356728906,0.16686167686597286,5.4975096970397335,12,2025-12-01,0,0.0,0,0,73.65833333333333,78.73333333333333,64.3,75.9,84,Nữ,Luật sư tranh tụng,Thành phố Hồ Chí Minh
KH00118610,0.6738,0.23845,0.4495549588922582,0.1879266323383337,4.135166556742356,12,2025-12-01,0,0.0,0,0,66.64166666666667,73.98333333333333,47.6,77.7,46,Nam,Nhà thiết kế nội thất,Hải Phòng
KH00118645,0.6824,0.27315,0.38635928028584576,0.18255770244162045,5.4995560824741965,12,2025-12-01,0,0.0,0,0,65.59166666666667,79.02499999999999,50.4,78.0,47,Nam,Giáo viên mầm non,Thanh Hóa
KH00118650,0.33925,0.0922,0.4967419437281406,0.17162562598961412,5.720858075446456,12,2025-12-01,0,0.0,0,0,75.39166666666667,79.36666666666666,71.0,77.7,29,Nữ,Tổng giám đốc điều hành,Thanh Hóa
KH00118685,0.5326500000000001,0.11315,0.4239570812612202,0.20177188985367978,4.814214812922799,12,2025-12-01,0,0.0,0,0,74.00833333333334,77.74166666666666,58.3,78.2,38,Nam,Kỹ sư cơ khí,Thành phố Hồ Chí Minh
KH00118690,0.6576500000000001,0.21965,0.3876303781869245,0.16873457867620112,4.815566164479798,12,2025-12-01,0,0.0,0,0,67.14999999999999,77.35833333333333,47.0,87.1,34,Nam,Quản trị viên giáo dục,Thành phố Hồ Chí Minh
KH00118725,0.5738,0.19929999999999998,0.568619235996624,0.14164588353995372,4.128477568591559,12,2025-12-01,0,0.0,0,0,68.8,70.89999999999999,51.6,78.5,53,Nam,Kỹ sư điện tử,Bắc Ninh
KH00118730,0.5948,0.1527,0.5207113017157091,0.186523170555771,4.128477568591559,12,2025-12-01,0,0.0,0,0,67.47500000000001,73.8,55.9,76.1,81,Nam,Quản lý bất động sản,Cà Mau
KH00118765,0.6573,0.1945,0.0393829522199483,0.648322804519975,2.302585092994046,1,2025-01-01,0,0.0,0,0,64.2,57.7,64.2,57.7,54,Nam,Kế toán viên công chứng,Sơn La
KH00118770,0.64925,0.20224999999999999,0.43955597509259053,0.2361107715098141,4.127134385045092,12,2025-12-01,0,0.0,0,0,64.50833333333334,76.51666666666667,54.4,80.4,33,Nữ,Chuyên viên trưng bày bán lẻ,Vĩnh Long
KH00118805,0.70685,0.23725,0.4043864767083848,0.18822769287751395,4.132496328186477,12,2025-12-01,0,0.0,0,0,65.96666666666667,74.075,51.5,78.3,35,Nam,Chuyên viên nhân sự,Tuyên Quang
KH00118810,0.8523499999999999,0.18080000000000002,0.44279872189698166,0.27917586511721393,5.501598288765995,12,2025-12-01,0,0.0,0,0,61.43333333333334,83.30833333333334,54.4,80.5,36,Nữ,Cán bộ phát triển thể thao,Hải Phòng
KH00118845,0.37585,0.0864,0.4359317807843637,0.24408325362395245,4.814890716970161,12,2025-12-01,0,0.0,0,0,75.55833333333334,81.89999999999999,72.3,80.5,35,Nữ,Bác sĩ phẫu thuật,Cần Thơ
KH00118850,0.7967,0.1859,0.5359949644323325,0.1683229171399488,5.210396485175567,12,2025-12-01,0,0.0,0,0,63.50833333333333,77.60000000000001,53.8,77.0,74,Nam,Thông dịch viên,Quảng Ninh
KH00118885,0.6064499999999999,0.12015,0.4920326592696103,0.1432561018569411,4.132496328186477,12,2025-12-01,0,0.0,0,0,68.68333333333334,73.46666666666667,62.0,74.8,30,Nam,Chuyên viên trắc địa,Nghệ An
KH00118890,0.7050000000000001,0.17995,0.5250805777420962,0.17257449371443456,5.4995560824741965,12,2025-12-01,0,0.0,0,0,64.05833333333334,79.51666666666667,50.2,78.1,62,Nam,Thủ thư học thuật,Hà Tĩnh
KH00118925,0.6495,0.2202,0.1337386018237082,0.6587141215692268,2.4849066497880004,1,2025-12-01,0,0.0,0,0,63.6,55.0,63.6,55.0,54,Nam,Chuyên viên vi lượng đồng căn,Phú Thọ
KH00118930,0.71765,0.1508,0.506034897216467,0.15263612606724286,4.1298189504157605,12,2025-12-01,0,0.0,0,0,66.03333333333333,71.76666666666667,56.3,75.4,67,Nam,Nhà hóa sinh lâm sàng,Thành phố Hồ Chí Minh
KH00118965,0.5303,0.15965000000000001,0.4890196701096448,0.11296434833743445,4.816241156068032,12,2025-12-01,0,0.0,0,0,69.50833333333334,74.05,62.7,75.4,68,Nữ,Kỹ sư hàng không,Cần Thơ
KH00118970,0.55445,0.13824999999999998,0.5007406602708976,0.1547343047890597,4.133832333729219,12,2025-12-01,0,0.0,0,0,68.21666666666667,71.325,49.3,71.5,56,Nam,Kỹ sư cơ khí,Cần Thơ
KH00119005,0.45755,0.09914999999999999,0.48365053405331393,0.1618834123657584,4.137829674161839,12,2025-12-01,0,0.0,0,0,72.22500000000001,73.75833333333334,61.6,76.3,83,Nam,Kỹ sư công trường,Ninh Bình
KH00119010,0.72475,0.2706,0.5145608492306075,0.17509003541333246,4.139158578011894,12,2025-12-01,1,0.08333333333333333,1,0,59.36666666666667,72.64166666666667,53.8,73.7,70,Nữ,Kỹ thuật viên y tế,Gia Lai
KH00119045,0.48265,0.15435,0.5685762101005205,0.15169522895258358,4.812861632743379,12,2025-12-01,0,0.0,0,0,70.19166666666666,75.60833333333333,50.2,76.7,55,Nữ,Bác sĩ phẫu thuật thần kinh,Phú Thọ
KH00119050,0.6852,0.13590000000000002,0.4316286096993792,0.14435299299885318,5.903316160331277,12,2025-12-01,0,0.0,0,0,64.81666666666666,79.85833333333333,54.3,77.0,22,Nữ,Chuyên viên thẩm định bồi thường,Phú Thọ
KH00119085,0.74495,0.1868,0.5079639091894574,0.1414361182374177,4.131158535344817,12,2025-12-01,2,0.16666666666666666,0,0,59.98333333333333,71.175,35.5,76.2,53,Nữ,Nhà hóa học phân tích,Thái Nguyên
KH00119090,0.5610999999999999,0.1619,0.2617072768611549,0.2641900278149216,5.905361848054571,12,2025-12-01,0,0.0,0,0,67.76666666666667,83.43333333333334,53.9,83.1,23,Nữ,Quản lý năng lượng,Đồng Tháp
KH00119125,0.5734,0.15585,0.4484848796456641,0.2507743018763303,5.903998521326706,12,2025-12-01,0,0.0,0,0,67.69166666666666,82.85833333333333,55.4,79.8,43,Nữ,Kỹ sư điều khiển và tự động hóa,Vĩnh Long
KH00119130,0.5181,0.16405,0.5389125427199615,0.19450993710685371,4.133832333729219,12,2025-12-01,0,0.0,0,0,68.24166666666666,73.88333333333334,55.6,78.1,54,Nam,Nhà khoa học thổ nhưỡng,Đồng Nai
KH00119165,0.58945,0.12484999999999999,0.493690027717247,0.21818518836394285,4.81014976667463,12,2025-12-01,0,0.0,0,0,69.45833333333333,79.08333333333333,58.7,77.8,53,Nam,Quản lý bán lẻ,Quảng Ngãi
KH00119170,0.80655,0.2217,0.5163286438582435,0.19535779773675055,5.213122520484805,12,2025-12-01,0,0.0,0,0,60.324999999999996,80.98333333333333,49.1,78.8,38,Nam,Nhân viên nghệ thuật cộng đồng,Đà Nẵng
KH00119205,0.6910499999999999,0.237,0.5286022279020943,0.1801122471280384,5.214482756468736,12,2025-12-01,0,0.0,0,0,62.99166666666667,79.45,50.5,79.0,75,Nam,Chuyên viên tư vấn quản lý,Gia Lai
KH00119210,0.6913,0.17880000000000001,0.5046870000587815,0.1425825289242426,4.814214812922799,12,2025-12-01,0,0.0,0,0,63.291666666666664,77.31666666666666,49.6,77.2,36,Nam,Chuyên viên dự toán xây dựng,Gia Lai
KH00119245,0.6150500000000001,0.22644999999999998,0.45212420435713896,0.2015814267164903,5.214482756468736,12,2025-12-01,0,0.0,0,0,63.89166666666666,78.75833333333334,44.8,74.5,51,Nữ,Chuyên viên kinh doanh,Nghệ An
KH00119250,0.7666,0.17930000000000001,0.5491053152560702,0.17381993812566665,4.135166556742356,12,2025-12-01,2,0.16666666666666666,1,0,57.15,74.01666666666667,22.7,77.2,62,Nam,Chuyên viên quan hệ công chúng,Lào Cai
KH00119285,0.46509999999999996,0.1362,0.49810414391661045,0.20358283309202235,4.1364990019761345,12,2025-12-01,0,0.0,0,0,71.95,74.45833333333333,68.8,71.0,51,Nam,Nhà khoa học biển,Sơn La
KH00119290,0.71515,0.15775,0.5282217551776219,0.18633047845604284,5.214935757608986,12,2025-12-01,0,0.0,0,0,66.08333333333333,79.96666666666667,58.1,78.8,52,Nữ,Người bán sách,Cà Mau
KH00119325,0.708,0.2576,0.0510719489803252,0.7344075693123975,2.0794415416798357,1,2025-12-01,0,0.0,0,0,60.4,49.0,60.4,49.0,21,Nữ,Nhà môi giới tàu biển,Đà Nẵng
KH00119330,0.6678999999999999,0.2561,0.41486475071608675,0.2081241502352787,4.128477568591559,12,2025-12-01,0,0.0,0,0,65.15833333333333,74.85000000000001,55.9,78.6,48,Nữ,Chuyên viên làm vườn thương mại,Cà Mau
KH00119365,0.7119,0.19525,0.4476291646509441,0.21347093767030426,4.81150661898592,12,2025-12-01,0,0.0,0,0,60.94166666666666,79.10833333333333,53.2,79.9,26,Nam,Nhà hóa học phân tích,Lạng Sơn
KH00119370,0.76155,0.1658,0.544255429802973,0.1534246370385412,5.212214667494625,12,2025-12-01,0,0.0,0,0,62.175000000000004,78.11666666666666,52.2,77.6,37,Nữ,Chuyên viên công nghệ màu sắc,Khánh Hòa
KH00119405,0.74195,0.14335,0.485353224320515,0.2476124342461144,5.213122520484805,12,2025-12-01,0,0.0,0,0,65.99166666666666,81.69166666666666,55.3,83.4,43,Nữ,Nhân viên cấp cứu,Bắc Ninh
KH00119410,0.68515,0.20035,0.47183697738017344,0.2418749397580279,4.1364990019761345,12,2025-12-01,0,0.0,0,0,66.93333333333334,76.20833333333333,55.4,74.4,37,Nữ,Công chức diện đào tạo nhanh,Phú Thọ
KH00119445,0.60755,0.20079999999999998,0.5674388290153576,0.15402751038831358,5.215388553632117,12,2025-12-01,0,0.0,0,0,67.46666666666667,76.98333333333333,54.6,77.7,51,Nữ,Nhà văn khoa học,Hà Nội
KH00119450,0.7773,0.22425,0.48847173636484853,0.2020950954980673,4.810828422961282,12,2025-12-01,0,0.0,0,0,61.26666666666667,79.75,55.9,77.7,61,Nam,Chuyên viên pháp lý nhà đất,Sơn La
KH00119485,0.39344999999999997,0.14700000000000002,0.5610577616292032,0.12800399194574258,4.141811099461024,12,2025-12-01,0,0.0,0,0,73.60833333333333,70.90833333333333,62.3,74.0,52,Nam,Bác sĩ đo mắt,Đồng Tháp
KH00119490,0.2984,0.06275,0.49261574754300297,0.1816423689591242,5.4995560824741965,12,2025-12-01,0,0.0,0,0,77.16666666666667,80.075,74.0,76.8,56,Nam,Giám đốc công nghệ,Hưng Yên
KH00119525,0.756,0.16060000000000002,0.5281744565145419,0.16114262854609873,4.816241156068032,12,2025-12-01,1,0.08333333333333333,0,0,60.15833333333333,77.25833333333334,1.4,72.5,56,Nam,Nhà sản xuất truyền hình,Đắk Lắk
KH00119530,0.42235,0.09054999999999999,0.4047579453285153,0.17682997144325513,5.218101032691235,12,2025-12-01,0,0.0,0,0,69.34166666666667,81.60000000000001,55.1,75.0,20,Nữ,Bác sĩ chuyên khoa bàn chân,Quảng Trị
KH00119565,0.6718500000000001,0.1486,0.5743078150229632,0.216788399131352,4.141811099461024,12,2025-12-01,1,0.08333333333333333,0,0,61.175000000000004,73.40833333333333,57.0,78.5,53,Nam,Chuyên viên chăm sóc bàn chân,Thanh Hóa
KH00119570,0.6536500000000001,0.18635000000000002,0.550605042260009,0.19402793592224432,5.5019382513733825,12,2025-12-01,0,0.0,0,0,65.23333333333333,79.55,55.3,76.4,26,Nữ,Chuyên viên thuế cấp cao,Gia Lai
KH00119605,0.4639,0.10195,0.43767180918824644,0.24709303074477867,5.497168225293202,12,2025-12-01,0,0.0,0,0,71.675,82.01666666666667,55.0,85.4,35,Nữ,Phi công hàng không,Bắc Ninh
KH00119610,0.48195,0.1452,0.543832951105186,0.18666942058369465,4.812861632743379,12,2025-12-01,0,0.0,0,0,71.21666666666667,77.6,59.0,73.7,83,Nữ,Kỹ sư dầu khí,An Giang
KH00119645,0.42845,0.1423,0.5307236338184037,0.15896835058410097,4.816241156068032,12,2025-12-01,0,0.0,0,0,72.68333333333334,77.90833333333333,56.5,78.1,58,Nữ,Kỹ sư vật liệu,Tây Ninh
KH00119650,0.42415,0.09655,0.5029864373461912,0.1322228265001861,5.212668697014343,12,2025-12-01,0,0.0,0,0,73.96666666666667,77.75833333333334,55.5,76.9,59,Nữ,Kỹ sư xây dựng dân dụng,Thành phố Hồ Chí Minh
KH00119685,0.6532,0.1955,0.1078379544980576,0.4452225870439257,2.4849066497880004,1,2025-09-01,0,0.0,0,0,64.8,52.0,64.8,52.0,63,Nữ,Chuyên viên kinh doanh,Huế
KH00119690,0.6335999999999999,0.1301,0.5500458998370543,0.17086828062742135,5.497168225293202,12,2025-12-01,0,0.0,0,0,67.31666666666666,78.79166666666667,52.7,78.4,37,Nữ,Chuyên viên dựng phim,Thái Nguyên
KH00119725,0.597,0.186,0.4014112372378177,0.1925175115928669,4.132496328186477,12,2025-12-01,0,0.0,0,0,68.45833333333333,73.325,59.5,79.7,28,Nam,Chuyên viên tiếp thị,Đồng Tháp
KH00119730,0.78695,0.26815,0.4828400078851518,0.16631963581098808,4.816241156068032,12,2025-12-01,0,0.0,0,0,59.50833333333333,78.13333333333334,51.5,76.8,60,Nữ,Thanh tra công trình di tích,Ninh Bình
KH00119765,0.6775,0.18864999999999998,0.49124001453465604,0.160142022678692,4.814214812922799,12,2025-12-01,1,0.08333333333333333,0,0,64.56666666666666,75.5,52.3,80.9,52,Nữ,Chuyên viên tư vấn hướng nghiệp bậc đại học,Hà Nội
KH00119770,0.3438,0.1164,0.33811132797990334,0.16168889229778666,4.143134726391533,12,2025-12-01,0,0.0,0,0,75.69166666666666,74.84166666666667,65.1,75.5,34,Nam,Giám đốc tài chính,Ninh Bình
KH00119805,0.6791,0.2354,0.523492473829479,0.1998782008395942,5.214482756468736,12,2025-12-01,0,0.0,0,0,63.083333333333336,79.20833333333333,49.3,80.1,70,Nữ,Biên tập viên đặt bài,Đồng Nai
KH00119810,0.4723,0.10405,0.5229502313762429,0.14628726810882495,4.131158535344817,12,2025-12-01,0,0.0,0,0,73.59166666666667,74.84166666666667,49.1,95.1,93,Nữ,Nhà giao dịch tài chính,Đắk Lắk
KH00119845,0.3822,0.074,0.5466865472803204,0.17441024103867842,5.213122520484805,12,2025-12-01,0,0.0,0,0,75.36666666666666,78.63333333333334,63.8,79.1,49,Nữ,Tổng giám đốc điều hành,Thành phố Hồ Chí Minh
KH00119850,0.6715500000000001,0.1572,0.41046840565037584,0.3243179577028418,4.139158578011894,12,2025-12-01,0,0.0,0,0,62.90833333333333,82.14999999999999,52.3,75.5,31,Nam,Chuyên viên dinh dưỡng vật nuôi,Đồng Nai
KH00119885,0.57915,0.1134,0.5582646764962609,0.17628663245160725,4.812184355372417,12,2025-12-01,0,0.0,0,0,68.49166666666666,77.47500000000001,59.0,76.7,32,Nam,Giảng viên giáo dục thường xuyên,Bắc Ninh
KH00119890,0.7254,0.27205,0.4888250358973659,0.31221203230080874,4.125789394929758,12,2025-12-01,0,0.0,0,0,63.1,80.06666666666666,52.5,77.9,48,Nữ,Nghiên cứu viên lâm sàng,Đồng Tháp
KH00119925,0.7006,0.21825,0.4659211227286616,0.21339864633081546,4.139158578011894,12,2025-12-01,0,0.0,0,0,67.10000000000001,75.5,55.1,77.8,27,Nữ,Nhà văn,Nghệ An
KH00119930,0.6666,0.2489,0.0490483965691937,0.9509516034308064,2.1972245773362196,1,2025-10-01,0,0.0,0,0,61.7,52.0,61.7,52.0,72,Nam,Kiểm soát viên không lưu,Thành phố Hồ Chí Minh
KH00119965,0.47605,0.1487,0.4769043670330943,0.2027651652802407,5.5002372814106195,12,2025-12-01,0,0.0,0,0,70.10000000000001,80.075,56.7,78.4,46,Nam,Kỹ sư ô tô,Hà Nội
KH00119970,0.72055,0.23220000000000002,0.5335746740468795,0.1924391055897505,5.720584963332236,12,2025-12-01,0,0.0,0,0,60.525,79.96666666666667,46.8,85.3,33,Nữ,Cán bộ du lịch,An Giang
